split_id,market_key,train_start,train_end,calib_start,calib_end,test_start,test_end,train_rows,calib_rows,test_rows,ensemble_xgb_weight,ensemble_lgbm_weight,ensemble_rf_weight,publish_threshold,prob_shrink,calib_accuracy,calib_coverage,published_calib_accuracy,published_calib_coverage,used_fallback,fallback_penalty,missing_pitcher_penalty,missing_pitchers_rate_calib,regime_calibrators,selection_objective,calibrator_mode,stacking_mode,bayes_strength,bayes_prior,prob_shift,global_selection_accuracy,global_selection_brier,global_selection_logloss,threshold_objective,calib_roi_per_bet,calib_total_return_units,calib_priced_rows,calib_priced_coverage,calib_mean_ev_edge,roi_min_edge,meta_gate_enabled,meta_gate_threshold,meta_gate_base_accuracy,meta_gate_final_accuracy,meta_gate_base_coverage,meta_gate_final_coverage,momentum_penalty_mean_calib,momentum_penalty_active_rate_calib,vol_norm_enabled,vol_norm_alpha,vol_norm_threshold_bonus_cap,vol_norm_mean_calib,vol_norm_high_rate_calib,vol_norm_threshold_bonus_mean_calib,vol_norm_mean_test,vol_norm_high_rate_test,vol_decision_enabled,vol_decision_beta,vol_decision_center,vol_decision_max_shift,vol_decision_acc_calib,vol_decision_mean_test_threshold,reliability_enabled,reliability_mean_calib,reliability_low_rate_calib,reliability_conflict_rate_calib,reliability_side_shift_mean_calib,reliability_mean_test,reliability_low_rate_test,reliability_conflict_rate_test,reliability_side_shift_mean_test,missing_pitchers_rate_test,test_accuracy_at_050,test_accuracy_dynamic_decision,test_brier,test_logloss,test_auc,published_test_accuracy,published_test_coverage
0,yrfi,2024-02-23,2024-03-21,2024-03-22,2024-03-29,2024-03-30,2024-03-30,374,87,15,0.8,0.2,0.0,0.55,0.06,0.6666666666666666,0.3448275862068966,0.875,0.09195402298850575,0,0.0,0.08,0.0,0,publish_quality,global_lr,none,0.0,0.4482758620689655,0.0,0.5517241379310345,0.24707440852274096,0.687278424516731,accuracy_cov,0.0,0.0,0,0.0,0.0,0.0,0,0.0,0.0,0.0,0.0,0.0,0.006505747126436782,0.5747126436781609,0,0.0,0.0,0.0,0.0,0.0,0.0,0.0,0,0.0,0.5,0.0,0.5517241379310345,0.5,0,0.0,0.0,0.0,0.0,0.0,0.0,0.0,0.0,0.0,0.6,0.6,0.24176294843316823,0.6766134100369475,0.6296296296296297,1.0,0.06666666666666667
1,yrfi,2024-02-23,2024-03-24,2024-03-25,2024-04-01,2024-04-02,2024-04-02,418,87,13,0.5,0.5,0.0,0.55,0.06,0.0,0.0,0.0,0.0,1,0.02,0.08,0.0,0,fallback_default,global_lr,none,0.0,0.4942528735632184,0.0,0.0,0.0,0.0,fallback_default,0.0,0.0,0,0.0,0.0,0.0,0,0.0,0.0,0.0,0.0,0.0,0.0,0.0,0,0.0,0.0,0.0,0.0,0.0,0.0,0.0,0,0.0,0.5,0.0,0.0,0.5,0,0.0,0.0,0.0,0.0,0.0,0.0,0.0,0.0,0.0,0.6153846153846154,0.6153846153846154,0.24865558415313413,0.6904582247201136,0.875,0.0,0.0
2,yrfi,2024-02-23,2024-03-28,2024-03-29,2024-04-04,2024-04-05,2024-04-05,451,86,13,0.35,0.65,0.0,0.55,0.06,0.5512820512820513,0.9069767441860465,0.6136363636363636,0.5116279069767442,0,0.0,0.08,0.0,0,publish_quality,global_lr,none,0.0,0.4418604651162791,0.0,0.5581395348837209,0.24654225969463828,0.6862137866646417,accuracy_cov,0.0,0.0,0,0.0,0.0,0.0,0,0.0,0.0,0.0,0.0,0.0,0.0057674418604651174,0.5465116279069767,0,0.0,0.0,0.0,0.0,0.0,0.0,0.0,0,0.0,0.5,0.0,0.5581395348837209,0.5,0,0.0,0.0,0.0,0.0,0.0,0.0,0.0,0.0,0.0,0.5384615384615384,0.5384615384615384,0.2485023437779257,0.6901474059179866,0.5476190476190477,0.3333333333333333,0.23076923076923078
3,yrfi,2024-02-23,2024-03-31,2024-04-01,2024-04-07,2024-04-08,2024-04-08,491,88,13,0.5,0.5,0.0,0.6,0.06,0.6521739130434783,0.26136363636363635,0.875,0.09090909090909091,0,0.0,0.08,0.0,0,publish_quality,global_lr,none,0.0,0.3977272727272727,0.0,0.6022727272727273,0.239311408479076,0.671603367292792,accuracy_cov,0.0,0.0,0,0.0,0.0,0.0,0,0.0,0.0,0.0,0.0,0.0,0.006386363636363637,0.6136363636363636,0,0.0,0.0,0.0,0.0,0.0,0.0,0.0,0,0.0,0.5,0.0,0.6022727272727273,0.5,0,0.0,0.0,0.0,0.0,0.0,0.0,0.0,0.0,0.0,0.5384615384615384,0.5384615384615384,0.2543024865066893,0.7021507343447106,0.35714285714285715,0.5,0.15384615384615385
4,yrfi,2024-02-23,2024-04-03,2024-04-04,2024-04-10,2024-04-11,2024-04-11,531,89,5,0.8,0.2,0.0,0.55,0.06,0.5,0.0898876404494382,0.5,0.02247191011235955,0,0.0,0.08,0.0,0,publish_quality,global_lr,none,0.0,0.449438202247191,0.0,0.550561797752809,0.24740674028781504,0.6879514766658763,accuracy_cov,0.0,0.0,0,0.0,0.0,0.0,0,0.0,0.0,0.0,0.0,0.0,0.008022471910112359,0.6404494382022472,0,0.0,0.0,0.0,0.0,0.0,0.0,0.0,0,0.0,0.5,0.0,0.550561797752809,0.5,0,0.0,0.0,0.0,0.0,0.0,0.0,0.0,0.0,0.0,0.4,0.4,0.261869192720125,0.7169655732194449,0.8333333333333333,1.0,0.2
5,yrfi,2024-02-23,2024-04-06,2024-04-07,2024-04-13,2024-04-14,2024-04-14,565,91,15,0.2,0.8,0.0,0.56,0.06,0.7222222222222222,0.1978021978021978,0.7647058823529411,0.18681318681318682,0,0.0,0.08,0.0,0,publish_quality,global_lr,none,0.0,0.5494505494505495,0.0,0.5494505494505495,0.24538901689731946,0.6838611322641063,accuracy_cov,0.0,0.0,0,0.0,0.0,0.0,0,0.0,0.0,0.0,0.0,0.0,0.0016263736263736265,0.4065934065934066,0,0.0,0.0,0.0,0.0,0.0,0.0,0.0,0,0.0,0.5,0.0,0.5494505494505495,0.5,0,0.0,0.0,0.0,0.0,0.0,0.0,0.0,0.0,0.0,0.4,0.4,0.2577317635862427,0.7086803360192611,0.6296296296296295,0.4,0.3333333333333333
6,yrfi,2024-02-23,2024-04-09,2024-04-10,2024-04-16,2024-04-17,2024-04-17,607,93,16,0.35,0.65,0.0,0.55,0.06,1.0,0.010752688172043012,0.0,0.0,0,0.0,0.08,0.0,0,publish_quality,global_lr,none,0.0,0.4838709677419355,0.0,0.5591397849462365,0.24707094976386534,0.6872800676319404,accuracy_cov,0.0,0.0,0,0.0,0.0,0.0,0,0.0,0.0,0.0,0.0,0.0,0.0072688172043010755,0.6666666666666666,0,0.0,0.0,0.0,0.0,0.0,0.0,0.0,0,0.0,0.5,0.0,0.5591397849462365,0.5,0,0.0,0.0,0.0,0.0,0.0,0.0,0.0,0.0,0.0,0.4375,0.4375,0.24955771626955833,0.692277141707432,0.6031746031746033,0.0,0.0
7,yrfi,2024-02-23,2024-04-12,2024-04-13,2024-04-19,2024-04-20,2024-04-20,639,95,16,0.65,0.35,0.0,0.55,0.06,0.5,0.021052631578947368,0.0,0.0,0,0.0,0.08,0.0,0,publish_quality,global_lr,none,0.0,0.4631578947368421,0.0,0.5368421052631579,0.24800285231023525,0.6891440415708249,accuracy_cov,0.0,0.0,0,0.0,0.0,0.0,0,0.0,0.0,0.0,0.0,0.0,0.0076210526315789485,0.6210526315789474,0,0.0,0.0,0.0,0.0,0.0,0.0,0.0,0,0.0,0.5,0.0,0.5368421052631579,0.5,0,0.0,0.0,0.0,0.0,0.0,0.0,0.0,0.0,0.0,0.4375,0.4375,0.2572942543527209,0.7077632425539746,0.34920634920634924,1.0,0.0625
8,yrfi,2024-02-23,2024-04-15,2024-04-16,2024-04-22,2024-04-23,2024-04-23,686,91,15,0.35,0.65,0.0,0.56,0.06,0.6521739130434783,0.25274725274725274,0.5,0.08791208791208792,0,0.0,0.08,0.0,0,publish_quality,global_lr,none,0.0,0.43956043956043955,0.0,0.5604395604395604,0.24609041256516015,0.6852995779642349,accuracy_cov,0.0,0.0,0,0.0,0.0,0.0,0,0.0,0.0,0.0,0.0,0.0,0.0072747252747252765,0.6043956043956044,0,0.0,0.0,0.0,0.0,0.0,0.0,0.0,0,0.0,0.5,0.0,0.5604395604395604,0.5,0,0.0,0.0,0.0,0.0,0.0,0.0,0.0,0.0,0.0,0.4,0.4,0.2619000406657235,0.7170161795831772,0.8148148148148149,0.6666666666666666,0.2
9,yrfi,2024-02-23,2024-04-18,2024-04-19,2024-04-25,2024-04-26,2024-04-26,720,97,14,0.5,0.5,0.0,0.55,0.06,0.5,0.020618556701030927,0.0,0.0,0,0.0,0.08,0.0,0,publish_quality,global_lr,none,0.0,0.5360824742268041,0.0,0.5360824742268041,0.24817073651819888,0.6894848001275381,accuracy_cov,0.0,0.0,0,0.0,0.0,0.0,0,0.0,0.0,0.0,0.0,0.0,0.0016082474226804127,0.4020618556701031,0,0.0,0.0,0.0,0.0,0.0,0.0,0.0,0,0.0,0.5,0.0,0.5360824742268041,0.5,0,0.0,0.0,0.0,0.0,0.0,0.0,0.0,0.0,0.0,0.5,0.5,0.2532839883348911,0.6997468839213824,0.3469387755102041,0.0,0.0
10,yrfi,2024-02-23,2024-04-21,2024-04-22,2024-04-28,2024-04-29,2024-04-29,766,95,11,0.5,0.5,0.0,0.55,0.06,0.0,0.0,0.0,0.0,1,0.02,0.08,0.0,0,fallback_default,global_lr,none,0.0,0.5368421052631579,0.0,0.0,0.0,0.0,fallback_default,0.0,0.0,0,0.0,0.0,0.0,0,0.0,0.0,0.0,0.0,0.0,0.0,0.0,0,0.0,0.0,0.0,0.0,0.0,0.0,0.0,0,0.0,0.5,0.0,0.0,0.5,0,0.0,0.0,0.0,0.0,0.0,0.0,0.0,0.0,0.0,0.8181818181818182,0.8181818181818182,0.22918372903186227,0.6514483083848209,0.5,0.0,0.0
11,yrfi,2024-02-23,2024-04-24,2024-04-25,2024-05-01,2024-05-02,2024-05-02,807,96,6,0.5,0.5,0.0,0.55,0.06,0.0,0.0,0.0,0.0,1,0.02,0.08,0.0,0,fallback_default,global_lr,none,0.0,0.4895833333333333,0.0,0.0,0.0,0.0,fallback_default,0.0,0.0,0,0.0,0.0,0.0,0,0.0,0.0,0.0,0.0,0.0,0.0,0.0,0,0.0,0.0,0.0,0.0,0.0,0.0,0.0,0,0.0,0.5,0.0,0.0,0.5,0,0.0,0.0,0.0,0.0,0.0,0.0,0.0,0.0,0.0,0.8333333333333334,0.8333333333333334,0.24308558284866635,0.6793149014934853,0.4,0.0,0.0
12,yrfi,2024-02-23,2024-04-27,2024-04-28,2024-05-04,2024-05-05,2024-05-05,846,93,15,0.2,0.8,0.0,0.59,0.06,0.64,0.26881720430107525,0.625,0.17204301075268819,0,0.0,0.08,0.0,0,publish_quality,global_lr,none,0.0,0.40860215053763443,0.0,0.5913978494623656,0.24142025337206108,0.6758815548405389,accuracy_cov,0.0,0.0,0,0.0,0.0,0.0,0,0.0,0.0,0.0,0.0,0.0,0.007548387096774196,0.5483870967741935,0,0.0,0.0,0.0,0.0,0.0,0.0,0.0,0,0.0,0.5,0.0,0.5913978494623656,0.5,0,0.0,0.0,0.0,0.0,0.0,0.0,0.0,0.0,0.0,0.4,0.4,0.27678391253615875,0.7474211592093254,0.2222222222222222,0.0,0.13333333333333333
13,yrfi,2024-02-23,2024-04-30,2024-05-01,2024-05-07,2024-05-08,2024-05-08,888,91,15,0.2,0.8,0.0,0.63,0.06,0.6666666666666666,0.9560439560439561,0.6666666666666666,0.9560439560439561,0,0.0,0.08,0.0,0,publish_quality,global_lr,none,0.0,0.3516483516483517,0.0,0.6483516483516484,0.22776192216615251,0.6479632555002017,accuracy_cov,0.0,0.0,0,0.0,0.0,0.0,0,0.0,0.0,0.0,0.0,0.0,0.007890109890109891,0.5824175824175825,0,0.0,0.0,0.0,0.0,0.0,0.0,0.0,0,0.0,0.5,0.0,0.6483516483516484,0.5,0,0.0,0.0,0.0,0.0,0.0,0.0,0.0,0.0,0.0,0.5333333333333333,0.5333333333333333,0.26053133067360956,0.7154024300752347,0.5178571428571429,0.5,0.9333333333333333
14,yrfi,2024-02-23,2024-05-03,2024-05-04,2024-05-10,2024-05-11,2024-05-11,924,92,15,0.35,0.65,0.0,0.55,0.06,0.6666666666666666,0.09782608695652174,0.5,0.021739130434782608,0,0.0,0.08,0.0,0,publish_quality,global_lr,none,0.0,0.45652173913043476,0.0,0.5434782608695652,0.24767861240371405,0.6884941504359079,accuracy_cov,0.0,0.0,0,0.0,0.0,0.0,0,0.0,0.0,0.0,0.0,0.0,0.007847826086956522,0.5978260869565217,0,0.0,0.0,0.0,0.0,0.0,0.0,0.0,0,0.0,0.5,0.0,0.5434782608695652,0.5,0,0.0,0.0,0.0,0.0,0.0,0.0,0.0,0.0,0.0,0.6666666666666666,0.6666666666666666,0.23873361175880348,0.6705657241157275,0.4,1.0,0.06666666666666667
15,yrfi,2024-02-23,2024-05-06,2024-05-07,2024-05-13,2024-05-14,2024-05-14,964,95,15,0.8,0.2,0.0,0.6,0.06,0.6144578313253012,0.8736842105263158,0.5121951219512195,0.43157894736842106,0,0.0,0.08,0.0,0,publish_quality,global_lr,none,0.0,0.3894736842105263,0.0,0.6105263157894737,0.23767408211029048,0.6682830755195937,accuracy_cov,0.0,0.0,0,0.0,0.0,0.0,0,0.0,0.0,0.0,0.0,0.0,0.007957894736842105,0.5789473684210527,0,0.0,0.0,0.0,0.0,0.0,0.0,0.0,0,0.0,0.5,0.0,0.6105263157894737,0.5,0,0.0,0.0,0.0,0.0,0.0,0.0,0.0,0.0,0.0,0.8,0.8,0.19860622753749704,0.5890045251881714,0.41666666666666663,0.8571428571428571,0.4666666666666667
16,yrfi,2024-02-23,2024-05-09,2024-05-10,2024-05-16,2024-05-17,2024-05-17,1001,94,15,0.65,0.35,0.0,0.63,0.06,0.6666666666666666,0.5425531914893617,0.6666666666666666,0.5425531914893617,0,0.0,0.08,0.0,0,publish_quality,global_lr,none,0.0,0.3617021276595745,0.0,0.6382978723404256,0.23055866405870276,0.6537132592077987,accuracy_cov,0.0,0.0,0,0.0,0.0,0.0,0,0.0,0.0,0.0,0.0,0.0,0.007212765957446809,0.574468085106383,0,0.0,0.0,0.0,0.0,0.0,0.0,0.0,0,0.0,0.5,0.0,0.6382978723404256,0.5,0,0.0,0.0,0.0,0.0,0.0,0.0,0.0,0.0,0.0,0.4666666666666667,0.4666666666666667,0.2768502567386004,0.7486653513169778,0.4642857142857143,0.5555555555555556,0.6
17,yrfi,2024-02-23,2024-05-12,2024-05-13,2024-05-19,2024-05-20,2024-05-20,1046,93,12,0.35,0.65,0.0,0.56,0.06,0.6578947368421053,0.40860215053763443,0.6086956521739131,0.24731182795698925,0,0.0,0.08,0.0,0,publish_quality,global_lr,none,0.0,0.44086021505376344,0.0,0.5591397849462365,0.24491289830726615,0.6829340428648397,accuracy_cov,0.0,0.0,0,0.0,0.0,0.0,0,0.0,0.0,0.0,0.0,0.0,0.0064086021505376355,0.5913978494623656,0,0.0,0.0,0.0,0.0,0.0,0.0,0.0,0,0.0,0.5,0.0,0.5591397849462365,0.5,0,0.0,0.0,0.0,0.0,0.0,0.0,0.0,0.0,0.0,0.5833333333333334,0.5833333333333334,0.243540847900221,0.6801852033554784,0.5714285714285714,0.5,0.3333333333333333
18,yrfi,2024-02-23,2024-05-15,2024-05-16,2024-05-22,2024-05-23,2024-05-23,1089,92,8,0.5,0.5,0.0,0.55,0.06,0.0,0.0,0.0,0.0,1,0.02,0.08,0.0,0,fallback_default,global_lr,none,0.0,0.4782608695652174,0.0,0.0,0.0,0.0,fallback_default,0.0,0.0,0,0.0,0.0,0.0,0,0.0,0.0,0.0,0.0,0.0,0.0,0.0,0,0.0,0.0,0.0,0.0,0.0,0.0,0.0,0,0.0,0.5,0.0,0.0,0.5,0,0.0,0.0,0.0,0.0,0.0,0.0,0.0,0.0,0.0,0.5,0.5,0.2500557609058054,0.6932591224124943,0.5625,0.0,0.0
19,yrfi,2024-02-23,2024-05-18,2024-05-19,2024-05-25,2024-05-26,2024-05-26,1124,94,15,0.5,0.5,0.0,0.55,0.06,0.0,0.0,0.0,0.0,1,0.02,0.08,0.0,0,fallback_default,global_lr,none,0.0,0.48936170212765956,0.0,0.0,0.0,0.0,fallback_default,0.0,0.0,0,0.0,0.0,0.0,0,0.0,0.0,0.0,0.0,0.0,0.0,0.0,0,0.0,0.0,0.0,0.0,0.0,0.0,0.0,0,0.0,0.5,0.0,0.0,0.5,0,0.0,0.0,0.0,0.0,0.0,0.0,0.0,0.0,0.0,0.9333333333333333,0.9333333333333333,0.24183236469800906,0.6768096093764379,0.4285714285714286,0.0,0.0
20,yrfi,2024-02-23,2024-05-21,2024-05-22,2024-05-28,2024-05-29,2024-05-29,1166,92,16,0.8,0.2,0.0,0.59,0.06,0.7647058823529411,0.18478260869565216,0.8,0.10869565217391304,0,0.0,0.08,0.0,0,publish_quality,global_lr,none,0.0,0.41304347826086957,0.0,0.5869565217391305,0.2410820486256618,0.6751640679681123,accuracy_cov,0.0,0.0,0,0.0,0.0,0.0,0,0.0,0.0,0.0,0.0,0.0,0.008369565217391305,0.6413043478260869,0,0.0,0.0,0.0,0.0,0.0,0.0,0.0,0,0.0,0.5,0.0,0.5869565217391305,0.5,0,0.0,0.0,0.0,0.0,0.0,0.0,0.0,0.0,0.0,0.75,0.75,0.21164439974955399,0.6156240234075832,0.8541666666666665,0.0,0.0
21,yrfi,2024-02-23,2024-05-24,2024-05-25,2024-05-31,2024-06-01,2024-06-01,1203,94,15,0.2,0.8,0.0,0.63,0.06,0.6966292134831461,0.9468085106382979,0.6966292134831461,0.9468085106382979,0,0.0,0.08,0.0,0,publish_quality,global_lr,none,0.0,0.3191489361702128,0.0,0.6808510638297872,0.212304465474929,0.6149234327114536,accuracy_cov,0.0,0.0,0,0.0,0.0,0.0,0,0.0,0.0,0.0,0.0,0.0,0.007872340425531916,0.6170212765957447,0,0.0,0.0,0.0,0.0,0.0,0.0,0.0,0,0.0,0.5,0.0,0.6808510638297872,0.5,0,0.0,0.0,0.0,0.0,0.0,0.0,0.0,0.0,0.0,0.4,0.4,0.3217665118778733,0.8462782580039767,0.35185185185185186,0.42857142857142855,0.9333333333333333
22,yrfi,2024-02-23,2024-05-27,2024-05-28,2024-06-03,2024-06-04,2024-06-04,1243,92,15,0.35,0.65,0.0,0.57,0.06,0.7333333333333333,0.16304347826086957,1.0,0.09782608695652174,0,0.0,0.08,0.0,0,publish_quality,global_lr,none,0.0,0.44565217391304346,0.0,0.5543478260869565,0.24420923251613966,0.6814842483260557,accuracy_cov,0.0,0.0,0,0.0,0.0,0.0,0,0.0,0.0,0.0,0.0,0.0,0.007347826086956522,0.5869565217391305,0,0.0,0.0,0.0,0.0,0.0,0.0,0.0,0,0.0,0.5,0.0,0.5543478260869565,0.5,0,0.0,0.0,0.0,0.0,0.0,0.0,0.0,0.0,0.0,0.8,0.8,0.22364637917954486,0.640246272087889,0.6388888888888888,0.0,0.0
23,yrfi,2024-02-23,2024-05-30,2024-05-31,2024-06-06,2024-06-07,2024-06-07,1282,92,14,0.2,0.8,0.0,0.56,0.06,0.6363636363636364,0.2391304347826087,0.75,0.13043478260869565,0,0.0,0.08,0.0,0,publish_quality,global_lr,none,0.0,0.44565217391304346,0.0,0.5543478260869565,0.24633004568769767,0.6857805961040997,accuracy_cov,0.0,0.0,0,0.0,0.0,0.0,0,0.0,0.0,0.0,0.0,0.0,0.0072608695652173925,0.5978260869565217,0,0.0,0.0,0.0,0.0,0.0,0.0,0.0,0,0.0,0.5,0.0,0.5543478260869565,0.5,0,0.0,0.0,0.0,0.0,0.0,0.0,0.0,0.0,0.0,0.6428571428571429,0.6428571428571429,0.23795597939420202,0.6689676547263693,0.5333333333333333,1.0,0.07142857142857142
24,yrfi,2024-02-23,2024-06-02,2024-06-03,2024-06-09,2024-06-10,2024-06-10,1327,91,7,0.65,0.35,0.0,0.58,0.06,0.7619047619047619,0.23076923076923078,0.6153846153846154,0.14285714285714285,0,0.0,0.08,0.0,0,publish_quality,global_lr,none,0.0,0.42857142857142855,0.0,0.5714285714285714,0.24156576892397,0.6761091152956685,accuracy_cov,0.0,0.0,0,0.0,0.0,0.0,0,0.0,0.0,0.0,0.0,0.0,0.008505494505494506,0.6813186813186813,0,0.0,0.0,0.0,0.0,0.0,0.0,0.0,0,0.0,0.5,0.0,0.5714285714285714,0.5,0,0.0,0.0,0.0,0.0,0.0,0.0,0.0,0.0,0.0,0.7142857142857143,0.7142857142857143,0.2342066317364005,0.661574736085954,0.2,0.0,0.0
25,yrfi,2024-02-23,2024-06-05,2024-06-06,2024-06-12,2024-06-13,2024-06-13,1364,91,11,0.65,0.35,0.0,0.55,0.06,1.0,0.03296703296703297,1.0,0.02197802197802198,0,0.0,0.08,0.0,0,publish_quality,global_lr,none,0.0,0.46153846153846156,0.0,0.5384615384615384,0.247855118132423,0.6888424168010028,accuracy_cov,0.0,0.0,0,0.0,0.0,0.0,0,0.0,0.0,0.0,0.0,0.0,0.007802197802197803,0.6483516483516484,0,0.0,0.0,0.0,0.0,0.0,0.0,0.0,0,0.0,0.5,0.0,0.5384615384615384,0.5,0,0.0,0.0,0.0,0.0,0.0,0.0,0.0,0.0,0.0,0.7272727272727273,0.7272727272727273,0.23261451523086396,0.6582986226909244,0.5416666666666666,0.0,0.0
26,yrfi,2024-02-23,2024-06-08,2024-06-09,2024-06-15,2024-06-16,2024-06-16,1403,92,16,0.2,0.8,0.0,0.56,0.06,0.5517241379310345,0.6304347826086957,0.5555555555555556,0.29347826086956524,0,0.0,0.08,0.0,0,publish_quality,global_lr,none,0.0,0.43478260869565216,0.0,0.5652173913043478,0.24562279685219468,0.6843617705989489,accuracy_cov,0.0,0.0,0,0.0,0.0,0.0,0,0.0,0.0,0.0,0.0,0.0,0.006717391304347827,0.5760869565217391,0,0.0,0.0,0.0,0.0,0.0,0.0,0.0,0,0.0,0.5,0.0,0.5652173913043478,0.5,0,0.0,0.0,0.0,0.0,0.0,0.0,0.0,0.0,0.0,0.3125,0.3125,0.27854538236896265,0.7505903750201595,0.38181818181818183,0.2857142857142857,0.4375
27,yrfi,2024-02-23,2024-06-11,2024-06-12,2024-06-18,2024-06-19,2024-06-19,1440,95,15,0.5,0.5,0.0,0.55,0.06,0.0,0.0,0.0,0.0,1,0.02,0.08,0.0,0,fallback_default,global_lr,none,0.0,0.5052631578947369,0.0,0.0,0.0,0.0,fallback_default,0.0,0.0,0,0.0,0.0,0.0,0,0.0,0.0,0.0,0.0,0.0,0.0,0.0,0,0.0,0.0,0.0,0.0,0.0,0.0,0.0,0,0.0,0.5,0.0,0.0,0.5,0,0.0,0.0,0.0,0.0,0.0,0.0,0.0,0.0,0.0,0.4,0.4,0.2516755829172325,0.6964985740287778,0.2222222222222222,0.0,0.0
28,yrfi,2024-02-23,2024-06-14,2024-06-15,2024-06-21,2024-06-22,2024-06-22,1481,92,15,0.5,0.5,0.0,0.55,0.06,0.0,0.0,0.0,0.0,1,0.02,0.08,0.0,0,fallback_default,global_lr,none,0.0,0.5217391304347826,0.0,0.0,0.0,0.0,fallback_default,0.0,0.0,0,0.0,0.0,0.0,0,0.0,0.0,0.0,0.0,0.0,0.0,0.0,0,0.0,0.0,0.0,0.0,0.0,0.0,0.0,0,0.0,0.5,0.0,0.0,0.5,0,0.0,0.0,0.0,0.0,0.0,0.0,0.0,0.0,0.0,0.6,0.6,0.24579798247336276,0.6847372005054729,0.5555555555555555,0.0,0.0
29,yrfi,2024-02-23,2024-06-17,2024-06-18,2024-06-24,2024-06-25,2024-06-25,1520,94,14,0.8,0.2,0.0,0.55,0.06,0.75,0.0425531914893617,1.0,0.02127659574468085,0,0.0,0.08,0.0,0,publish_quality,global_lr,none,0.0,0.4574468085106383,0.0,0.5425531914893617,0.24765565971684256,0.6884468418218536,accuracy_cov,0.0,0.0,0,0.0,0.0,0.0,0,0.0,0.0,0.0,0.0,0.0,0.007659574468085107,0.6063829787234043,0,0.0,0.0,0.0,0.0,0.0,0.0,0.0,0,0.0,0.5,0.0,0.5425531914893617,0.5,0,0.0,0.0,0.0,0.0,0.0,0.0,0.0,0.0,0.0,0.2857142857142857,0.2857142857142857,0.269700542335449,0.7326498057843323,0.44999999999999996,0.0,0.0
30,yrfi,2024-02-23,2024-06-20,2024-06-21,2024-06-27,2024-06-28,2024-06-28,1559,94,15,0.5,0.5,0.0,0.57,0.06,0.7619047619047619,0.22340425531914893,0.8571428571428571,0.14893617021276595,0,0.0,0.08,0.0,0,publish_quality,global_lr,none,0.0,0.43617021276595747,0.0,0.5638297872340425,0.24440116267603806,0.6818693465149289,accuracy_cov,0.0,0.0,0,0.0,0.0,0.0,0,0.0,0.0,0.0,0.0,0.0,0.0075319148936170205,0.5851063829787234,0,0.0,0.0,0.0,0.0,0.0,0.0,0.0,0,0.0,0.5,0.0,0.5638297872340425,0.5,0,0.0,0.0,0.0,0.0,0.0,0.0,0.0,0.0,0.0,0.6666666666666666,0.6666666666666666,0.2343648105749217,0.6617956781520843,0.45999999999999996,0.5,0.13333333333333333
31,yrfi,2024-02-23,2024-06-23,2024-06-24,2024-06-30,2024-07-01,2024-07-01,1602,96,3,0.35,0.65,0.0,0.57,0.06,0.5238095238095238,0.21875,0.3333333333333333,0.0625,0,0.0,0.08,0.0,0,publish_quality,global_lr,none,0.0,0.4270833333333333,0.0,0.5729166666666666,0.24467102285857634,0.6824507594405326,accuracy_cov,0.0,0.0,0,0.0,0.0,0.0,0,0.0,0.0,0.0,0.0,0.0,0.0072499999999999995,0.59375,0,0.0,0.0,0.0,0.0,0.0,0.0,0.0,0,0.0,0.5,0.0,0.5729166666666666,0.5,0,0.0,0.0,0.0,0.0,0.0,0.0,0.0,0.0,0.0,1.0,1.0,0.0,0.5647924919992495,0.5,0.0,0.0
32,yrfi,2024-02-23,2024-06-26,2024-06-27,2024-07-03,2024-07-04,2024-07-04,1644,87,15,0.5,0.5,0.0,0.57,0.06,0.5714285714285714,0.5632183908045977,0.5263157894736842,0.21839080459770116,0,0.0,0.08,0.0,0,publish_quality,global_lr,none,0.0,0.42528735632183906,0.0,0.5747126436781609,0.24440355621807106,0.6819120378885787,accuracy_cov,0.0,0.0,0,0.0,0.0,0.0,0,0.0,0.0,0.0,0.0,0.0,0.00795402298850575,0.5977011494252874,0,0.0,0.0,0.0,0.0,0.0,0.0,0.0,0,0.0,0.5,0.0,0.5747126436781609,0.5,0,0.0,0.0,0.0,0.0,0.0,0.0,0.0,0.0,0.0,0.4,0.4,0.26842266918930135,0.7302553184295514,0.6296296296296297,0.0,0.0
33,yrfi,2024-02-23,2024-06-29,2024-06-30,2024-07-06,2024-07-07,2024-07-07,1683,93,15,0.5,0.5,0.0,0.55,0.06,0.0,0.0,0.0,0.0,1,0.02,0.08,0.0,0,fallback_default,global_lr,none,0.0,0.4838709677419355,0.0,0.0,0.0,0.0,fallback_default,0.0,0.0,0,0.0,0.0,0.0,0,0.0,0.0,0.0,0.0,0.0,0.0,0.0,0,0.0,0.0,0.0,0.0,0.0,0.0,0.0,0,0.0,0.5,0.0,0.0,0.5,0,0.0,0.0,0.0,0.0,0.0,0.0,0.0,0.0,0.0,0.8,0.8,0.24123553239909384,0.6756121887190274,0.4444444444444444,0.0,0.0
34,yrfi,2024-02-23,2024-07-02,2024-07-03,2024-07-09,2024-07-10,2024-07-10,1716,95,17,0.5,0.5,0.0,0.55,0.06,0.0,0.0,0.0,0.0,1,0.02,0.08,0.0,0,fallback_default,global_lr,none,0.0,0.47368421052631576,0.0,0.0,0.0,0.0,fallback_default,0.0,0.0,0,0.0,0.0,0.0,0,0.0,0.0,0.0,0.0,0.0,0.0,0.0,0,0.0,0.0,0.0,0.0,0.0,0.0,0.0,0,0.0,0.5,0.0,0.0,0.5,0,0.0,0.0,0.0,0.0,0.0,0.0,0.0,0.0,0.0,0.6470588235294118,0.6470588235294118,0.2433595801452596,0.6798560558901806,0.5151515151515151,0.0,0.0
35,yrfi,2024-02-23,2024-07-05,2024-07-06,2024-07-12,2024-07-13,2024-07-13,1761,94,16,0.8,0.2,0.0,0.56,0.06,0.6666666666666666,0.1276595744680851,0.4,0.05319148936170213,0,0.0,0.08,0.0,0,publish_quality,global_lr,none,0.0,0.44680851063829785,0.0,0.5531914893617021,0.24596020736014562,0.6850344185258003,accuracy_cov,0.0,0.0,0,0.0,0.0,0.0,0,0.0,0.0,0.0,0.0,0.0,0.007531914893617023,0.5957446808510638,0,0.0,0.0,0.0,0.0,0.0,0.0,0.0,0,0.0,0.5,0.0,0.5531914893617021,0.5,0,0.0,0.0,0.0,0.0,0.0,0.0,0.0,0.0,0.0,0.4375,0.4375,0.2576137901274752,0.7084393247032564,0.5238095238095238,0.0,0.0
36,yrfi,2024-02-23,2024-07-08,2024-07-09,2024-07-19,2024-07-20,2024-07-20,1798,101,16,0.5,0.5,0.0,0.55,0.06,0.0,0.0,0.0,0.0,1,0.02,0.08,0.0,0,fallback_default,global_lr,none,0.0,0.45544554455445546,0.0,0.0,0.0,0.0,fallback_default,0.0,0.0,0,0.0,0.0,0.0,0,0.0,0.0,0.0,0.0,0.0,0.0,0.0,0,0.0,0.0,0.0,0.0,0.0,0.0,0.0,0,0.0,0.5,0.0,0.0,0.5,0,0.0,0.0,0.0,0.0,0.0,0.0,0.0,0.0,0.0,0.6875,0.6875,0.23643160744880626,0.6659543893417912,0.4,0.0,0.0
37,yrfi,2024-02-23,2024-07-11,2024-07-12,2024-07-22,2024-07-23,2024-07-23,1840,103,14,0.2,0.8,0.0,0.55,0.06,0.6116504854368932,1.0,0.6116504854368932,1.0,0,0.0,0.08,0.0,0,publish_quality,global_lr,none,0.0,0.3883495145631068,0.0,0.6116504854368932,0.23756276890477906,0.6680642144488377,accuracy_cov,0.0,0.0,0,0.0,0.0,0.0,0,0.0,0.0,0.0,0.0,0.0,0.0072427184466019425,0.6019417475728155,0,0.0,0.0,0.0,0.0,0.0,0.0,0.0,0,0.0,0.5,0.0,0.6116504854368932,0.5,0,0.0,0.0,0.0,0.0,0.0,0.0,0.0,0.0,0.0,0.5714285714285714,0.5714285714285714,0.24535003945348327,0.6838338550720479,0.6666666666666667,0.5714285714285714,1.0
38,yrfi,2024-02-23,2024-07-14,2024-07-19,2024-07-25,2024-07-26,2024-07-26,1886,94,15,0.2,0.8,0.0,0.6,0.06,0.6326530612244898,0.5212765957446809,0.5294117647058824,0.18085106382978725,0,0.0,0.08,0.0,0,publish_quality,global_lr,none,0.0,0.39361702127659576,0.0,0.6063829787234043,0.23864980370190192,0.6702707718383905,accuracy_cov,0.0,0.0,0,0.0,0.0,0.0,0,0.0,0.0,0.0,0.0,0.0,0.007680851063829789,0.5957446808510638,0,0.0,0.0,0.0,0.0,0.0,0.0,0.0,0,0.0,0.5,0.0,0.6063829787234043,0.5,0,0.0,0.0,0.0,0.0,0.0,0.0,0.0,0.0,0.0,0.3333333333333333,0.3333333333333333,0.29196735890632347,0.7782921269224502,0.92,0.3333333333333333,0.2
39,yrfi,2024-02-23,2024-07-21,2024-07-22,2024-07-28,2024-07-29,2024-07-29,1930,96,12,0.5,0.5,0.0,0.55,0.06,0.0,0.0,0.0,0.0,1,0.02,0.08,0.0,0,fallback_default,global_lr,none,0.0,0.5208333333333334,0.0,0.0,0.0,0.0,fallback_default,0.0,0.0,0,0.0,0.0,0.0,0,0.0,0.0,0.0,0.0,0.0,0.0,0.0,0,0.0,0.0,0.0,0.0,0.0,0.0,0.0,0,0.0,0.5,0.0,0.0,0.5,0,0.0,0.0,0.0,0.0,0.0,0.0,0.0,0.0,0.0,0.5833333333333334,0.5833333333333334,0.24702003875548462,0.6871822865160815,0.4857142857142857,0.0,0.0
40,yrfi,2024-02-23,2024-07-24,2024-07-25,2024-07-31,2024-08-01,2024-08-01,1972,95,5,0.5,0.5,0.0,0.55,0.06,0.0,0.0,0.0,0.0,1,0.02,0.08,0.0,0,fallback_default,global_lr,none,0.0,0.5473684210526316,0.0,0.0,0.0,0.0,fallback_default,0.0,0.0,0,0.0,0.0,0.0,0,0.0,0.0,0.0,0.0,0.0,0.0,0.0,0,0.0,0.0,0.0,0.0,0.0,0.0,0.0,0,0.0,0.5,0.0,0.0,0.5,0,0.0,0.0,0.0,0.0,0.0,0.0,0.0,0.0,0.0,0.8,0.8,0.2254037625694211,0.6438306529741022,0.5,0.0,0.0
41,yrfi,2024-02-23,2024-07-27,2024-07-28,2024-08-03,2024-08-04,2024-08-04,2011,91,15,0.65,0.35,0.0,0.56,0.06,0.7,0.21978021978021978,0.5454545454545454,0.12087912087912088,0,0.0,0.08,0.0,0,publish_quality,global_lr,none,0.0,0.5604395604395604,0.0,0.5604395604395604,0.2460826681866502,0.6852876474142832,accuracy_cov,0.0,0.0,0,0.0,0.0,0.0,0,0.0,0.0,0.0,0.0,0.0,0.0016263736263736265,0.4065934065934066,0,0.0,0.0,0.0,0.0,0.0,0.0,0.0,0,0.0,0.5,0.0,0.5604395604395604,0.5,0,0.0,0.0,0.0,0.0,0.0,0.0,0.0,0.0,0.0,0.4666666666666667,0.4666666666666667,0.2582943404104625,0.7098479259214412,0.30357142857142855,0.0,0.13333333333333333
42,yrfi,2024-02-23,2024-07-30,2024-07-31,2024-08-06,2024-08-07,2024-08-07,2053,86,17,0.5,0.5,0.0,0.55,0.06,0.0,0.0,0.0,0.0,1,0.02,0.08,0.0,0,fallback_default,global_lr,none,0.0,0.4883720930232558,0.0,0.0,0.0,0.0,fallback_default,0.0,0.0,0,0.0,0.0,0.0,0,0.0,0.0,0.0,0.0,0.0,0.0,0.0,0,0.0,0.0,0.0,0.0,0.0,0.0,0.0,0,0.0,0.5,0.0,0.0,0.5,0,0.0,0.0,0.0,0.0,0.0,0.0,0.0,0.0,0.0,0.29411764705882354,0.29411764705882354,0.25425518795205954,0.701659546641359,0.5833333333333333,0.0,0.0
43,yrfi,2024-02-23,2024-08-02,2024-08-03,2024-08-09,2024-08-10,2024-08-10,2087,94,16,0.8,0.2,0.0,0.58,0.06,0.6226415094339622,0.5638297872340425,0.5862068965517241,0.30851063829787234,0,0.0,0.08,0.0,0,publish_quality,global_lr,none,0.0,0.5851063829787234,0.0,0.5851063829787234,0.24274448595739131,0.6785646191420528,accuracy_cov,0.0,0.0,0,0.0,0.0,0.0,0,0.0,0.0,0.0,0.0,0.0,0.001617021276595745,0.40425531914893614,0,0.0,0.0,0.0,0.0,0.0,0.0,0.0,0,0.0,0.5,0.0,0.5851063829787234,0.5,0,0.0,0.0,0.0,0.0,0.0,0.0,0.0,0.0,0.0,0.5,0.5,0.2567040569253723,0.7067385633861492,0.40625,0.25,0.25
44,yrfi,2024-02-23,2024-08-05,2024-08-06,2024-08-12,2024-08-13,2024-08-13,2126,95,15,0.5,0.5,0.0,0.58,0.06,0.75,0.21052631578947367,0.7142857142857143,0.14736842105263157,0,0.0,0.08,0.0,0,publish_quality,global_lr,none,0.0,0.5789473684210527,0.0,0.5789473684210527,0.24308818829196008,0.6792381486118227,accuracy_cov,0.0,0.0,0,0.0,0.0,0.0,0,0.0,0.0,0.0,0.0,0.0,0.0016000000000000003,0.4,0,0.0,0.0,0.0,0.0,0.0,0.0,0.0,0,0.0,0.5,0.0,0.5789473684210527,0.5,0,0.0,0.0,0.0,0.0,0.0,0.0,0.0,0.0,0.0,0.6,0.6,0.24100500464900748,0.6750745408813715,0.46296296296296297,0.0,0.06666666666666667
45,yrfi,2024-02-23,2024-08-08,2024-08-09,2024-08-15,2024-08-16,2024-08-16,2166,92,14,0.8,0.2,0.0,0.55,0.06,1.0,0.021739130434782608,1.0,0.010869565217391304,0,0.0,0.08,0.0,0,publish_quality,global_lr,none,0.0,0.5434782608695652,0.0,0.5434782608695652,0.2474946118536798,0.6881241380907026,accuracy_cov,0.0,0.0,0,0.0,0.0,0.0,0,0.0,0.0,0.0,0.0,0.0,0.0016086956521739132,0.40217391304347827,0,0.0,0.0,0.0,0.0,0.0,0.0,0.0,0,0.0,0.5,0.0,0.5434782608695652,0.5,0,0.0,0.0,0.0,0.0,0.0,0.0,0.0,0.0,0.0,0.5,0.5,0.25117945079545945,0.6955092366929783,0.5918367346938775,0.0,0.0
46,yrfi,2024-02-23,2024-08-11,2024-08-12,2024-08-18,2024-08-19,2024-08-19,2210,92,10,0.5,0.5,0.0,0.55,0.06,0.0,0.0,0.0,0.0,1,0.02,0.08,0.0,0,fallback_default,global_lr,none,0.0,0.4891304347826087,0.0,0.0,0.0,0.0,fallback_default,0.0,0.0,0,0.0,0.0,0.0,0,0.0,0.0,0.0,0.0,0.0,0.0,0.0,0,0.0,0.0,0.0,0.0,0.0,0.0,0.0,0,0.0,0.5,0.0,0.0,0.5,0,0.0,0.0,0.0,0.0,0.0,0.0,0.0,0.0,0.0,0.4,0.4,0.2507721705548015,0.6946912790924366,0.7916666666666666,0.0,0.0
47,yrfi,2024-02-23,2024-08-14,2024-08-15,2024-08-21,2024-08-22,2024-08-22,2251,91,10,0.5,0.5,0.0,0.55,0.06,0.0,0.0,0.0,0.0,1,0.02,0.08,0.0,0,fallback_default,global_lr,none,0.0,0.4945054945054945,0.0,0.0,0.0,0.0,fallback_default,0.0,0.0,0,0.0,0.0,0.0,0,0.0,0.0,0.0,0.0,0.0,0.0,0.0,0,0.0,0.0,0.0,0.0,0.0,0.0,0.0,0,0.0,0.5,0.0,0.0,0.5,0,0.0,0.0,0.0,0.0,0.0,0.0,0.0,0.0,0.0,0.8,0.8,0.24854464270021043,0.690236296427952,0.125,0.0,0.0
48,yrfi,2024-02-23,2024-08-17,2024-08-18,2024-08-24,2024-08-25,2024-08-25,2287,95,15,0.5,0.5,0.0,0.55,0.06,0.0,0.0,0.0,0.0,1,0.02,0.08,0.0,0,fallback_default,global_lr,none,0.0,0.4842105263157895,0.0,0.0,0.0,0.0,fallback_default,0.0,0.0,0,0.0,0.0,0.0,0,0.0,0.0,0.0,0.0,0.0,0.0,0.0,0,0.0,0.0,0.0,0.0,0.0,0.0,0.0,0,0.0,0.5,0.0,0.0,0.5,0,0.0,0.0,0.0,0.0,0.0,0.0,0.0,0.0,0.0,0.4,0.4,0.25278695772649323,0.698722347419675,0.6481481481481481,0.0,0.0
49,yrfi,2024-02-23,2024-08-20,2024-08-21,2024-08-27,2024-08-28,2024-08-28,2327,96,15,0.5,0.5,0.0,0.55,0.06,0.0,0.0,0.0,0.0,1,0.02,0.08,0.0,0,fallback_default,global_lr,none,0.0,0.5,0.0,0.0,0.0,0.0,fallback_default,0.0,0.0,0,0.0,0.0,0.0,0,0.0,0.0,0.0,0.0,0.0,0.0,0.0,0,0.0,0.0,0.0,0.0,0.0,0.0,0.0,0,0.0,0.5,0.0,0.0,0.5,0,0.0,0.0,0.0,0.0,0.0,0.0,0.0,0.0,0.0,0.6666666666666666,0.6666666666666666,0.2484809936268478,0.6901088131833082,0.74,0.0,0.0
50,yrfi,2024-02-23,2024-08-23,2024-08-24,2024-08-30,2024-08-31,2024-08-31,2367,98,15,0.35,0.65,0.0,0.55,0.06,1.0,0.01020408163265306,1.0,0.01020408163265306,0,0.0,0.08,0.0,0,publish_quality,global_lr,none,0.0,0.5204081632653061,0.0,0.5918367346938775,0.2449005933915367,0.6829279444646815,accuracy_cov,0.0,0.0,0,0.0,0.0,0.0,0,0.0,0.0,0.0,0.0,0.0,0.0026938775510204085,0.4489795918367347,0,0.0,0.0,0.0,0.0,0.0,0.0,0.0,0,0.0,0.5,0.0,0.5918367346938775,0.5,0,0.0,0.0,0.0,0.0,0.0,0.0,0.0,0.0,0.0,0.4,0.4,0.25517867746836426,0.7035069666684579,0.64,0.0,0.0
51,yrfi,2024-02-23,2024-08-26,2024-08-27,2024-09-02,2024-09-03,2024-09-03,2408,98,13,0.2,0.8,0.0,0.58,0.06,0.7,0.20408163265306123,0.7142857142857143,0.07142857142857142,0,0.0,0.08,0.0,0,publish_quality,global_lr,none,0.0,0.42857142857142855,0.0,0.5714285714285714,0.24215930700590524,0.6773411708513998,accuracy_cov,0.0,0.0,0,0.0,0.0,0.0,0,0.0,0.0,0.0,0.0,0.0,0.007673469387755102,0.6326530612244898,0,0.0,0.0,0.0,0.0,0.0,0.0,0.0,0,0.0,0.5,0.0,0.5714285714285714,0.5,0,0.0,0.0,0.0,0.0,0.0,0.0,0.0,0.0,0.0,0.6153846153846154,0.6153846153846154,0.236219772404552,0.6654247501483818,0.6000000000000001,1.0,0.15384615384615385
52,yrfi,2024-02-23,2024-08-29,2024-08-30,2024-09-05,2024-09-06,2024-09-06,2449,94,14,0.5,0.5,0.0,0.55,0.06,0.0,0.0,0.0,0.0,1,0.02,0.08,0.0,0,fallback_default,global_lr,none,0.0,0.5212765957446809,0.0,0.0,0.0,0.0,fallback_default,0.0,0.0,0,0.0,0.0,0.0,0,0.0,0.0,0.0,0.0,0.0,0.0,0.0,0,0.0,0.0,0.0,0.0,0.0,0.0,0.0,0,0.0,0.5,0.0,0.0,0.5,0,0.0,0.0,0.0,0.0,0.0,0.0,0.0,0.0,0.0,0.21428571428571427,0.21428571428571427,0.26243952747900645,0.7180419860152442,0.15151515151515152,0.0,0.0
53,yrfi,2024-02-23,2024-09-01,2024-09-02,2024-09-08,2024-09-09,2024-09-09,2495,93,9,0.5,0.5,0.0,0.55,0.06,0.0,0.0,0.0,0.0,1,0.02,0.08,0.0,0,fallback_default,global_lr,none,0.0,0.5053763440860215,0.0,0.0,0.0,0.0,fallback_default,0.0,0.0,0,0.0,0.0,0.0,0,0.0,0.0,0.0,0.0,0.0,0.0,0.0,0,0.0,0.0,0.0,0.0,0.0,0.0,0.0,0,0.0,0.5,0.0,0.0,0.5,0,0.0,0.0,0.0,0.0,0.0,0.0,0.0,0.0,0.0,0.6666666666666666,0.6666666666666666,0.2481941599180696,0.6895353598008763,0.8333333333333334,0.0,0.0
54,yrfi,2024-02-23,2024-09-04,2024-09-05,2024-09-11,2024-09-12,2024-09-12,2534,93,8,0.5,0.5,0.0,0.55,0.06,0.0,0.0,0.0,0.0,1,0.02,0.08,0.0,0,fallback_default,global_lr,none,0.0,0.5161290322580645,0.0,0.0,0.0,0.0,fallback_default,0.0,0.0,0,0.0,0.0,0.0,0,0.0,0.0,0.0,0.0,0.0,0.0,0.0,0,0.0,0.0,0.0,0.0,0.0,0.0,0.0,0,0.0,0.5,0.0,0.0,0.5,0,0.0,0.0,0.0,0.0,0.0,0.0,0.0,0.0,0.0,0.375,0.375,0.25546514318207747,0.7040819700532917,0.0,0.0,0.0
55,yrfi,2024-02-23,2024-09-07,2024-09-08,2024-09-14,2024-09-15,2024-09-15,2573,92,15,0.5,0.5,0.0,0.55,0.06,0.0,0.0,0.0,0.0,1,0.02,0.08,0.0,0,fallback_default,global_lr,none,0.0,0.5217391304347826,0.0,0.0,0.0,0.0,fallback_default,0.0,0.0,0,0.0,0.0,0.0,0,0.0,0.0,0.0,0.0,0.0,0.0,0.0,0,0.0,0.0,0.0,0.0,0.0,0.0,0.0,0,0.0,0.5,0.0,0.0,0.5,0,0.0,0.0,0.0,0.0,0.0,0.0,0.0,0.0,0.0,0.26666666666666666,0.26666666666666666,0.25935408798041376,0.7118642830371272,0.75,0.0,0.0
56,yrfi,2024-02-23,2024-09-10,2024-09-11,2024-09-17,2024-09-18,2024-09-18,2612,93,15,0.5,0.5,0.0,0.55,0.06,0.0,0.0,0.0,0.0,1,0.02,0.08,0.0,0,fallback_default,global_lr,none,0.0,0.45161290322580644,0.0,0.0,0.0,0.0,fallback_default,0.0,0.0,0,0.0,0.0,0.0,0,0.0,0.0,0.0,0.0,0.0,0.0,0.0,0,0.0,0.0,0.0,0.0,0.0,0.0,0.0,0,0.0,0.5,0.0,0.0,0.5,0,0.0,0.0,0.0,0.0,0.0,0.0,0.0,0.0,0.0,0.7333333333333333,0.7333333333333333,0.2301711674273195,0.6533776694101932,0.8181818181818182,0.0,0.0
57,yrfi,2024-02-23,2024-09-13,2024-09-14,2024-09-20,2024-09-21,2024-09-21,2650,97,14,0.65,0.35,0.0,0.59,0.06,0.7619047619047619,0.21649484536082475,0.75,0.08247422680412371,0,0.0,0.08,0.0,0,publish_quality,global_lr,none,0.0,0.41237113402061853,0.0,0.5876288659793815,0.23987941263575305,0.6727005508459538,accuracy_cov,0.0,0.0,0,0.0,0.0,0.0,0,0.0,0.0,0.0,0.0,0.0,0.007051546391752578,0.5670103092783505,0,0.0,0.0,0.0,0.0,0.0,0.0,0.0,0,0.0,0.5,0.0,0.5876288659793815,0.5,0,0.0,0.0,0.0,0.0,0.0,0.0,0.0,0.0,0.0,0.42857142857142855,0.42857142857142855,0.27116240751402326,0.7360127995197018,0.16666666666666663,1.0,0.07142857142857142
58,yrfi,2024-02-23,2024-09-16,2024-09-17,2024-09-23,2024-09-24,2024-09-24,2690,91,15,0.35,0.65,0.0,0.56,0.06,0.8333333333333334,0.1978021978021978,0.8,0.10989010989010989,0,0.0,0.08,0.0,0,publish_quality,global_lr,none,0.0,0.45054945054945056,0.0,0.5494505494505495,0.24346899968725538,0.6800008937914267,accuracy_cov,0.0,0.0,0,0.0,0.0,0.0,0,0.0,0.0,0.0,0.0,0.0,0.007054945054945056,0.5494505494505495,0,0.0,0.0,0.0,0.0,0.0,0.0,0.0,0,0.0,0.5,0.0,0.5494505494505495,0.5,0,0.0,0.0,0.0,0.0,0.0,0.0,0.0,0.0,0.0,0.6666666666666666,0.6666666666666666,0.2309222712108463,0.6547666839532681,0.66,1.0,0.26666666666666666
59,yrfi,2024-02-23,2024-09-19,2024-09-20,2024-09-26,2024-09-27,2024-09-27,2732,87,15,0.8,0.2,0.0,0.55,0.06,0.625,0.367816091954023,0.6153846153846154,0.14942528735632185,0,0.0,0.08,0.0,0,publish_quality,global_lr,none,0.0,0.4482758620689655,0.0,0.5517241379310345,0.2464899021542609,0.6861022891736687,accuracy_cov,0.0,0.0,0,0.0,0.0,0.0,0,0.0,0.0,0.0,0.0,0.0,0.007080459770114944,0.5517241379310345,0,0.0,0.0,0.0,0.0,0.0,0.0,0.0,0,0.0,0.5,0.0,0.5517241379310345,0.5,0,0.0,0.0,0.0,0.0,0.0,0.0,0.0,0.0,0.0,0.4666666666666667,0.4666666666666667,0.25678457307181474,0.7067886257102954,0.35714285714285715,0.25,0.26666666666666666
60,yrfi,2024-02-23,2024-09-22,2024-09-23,2024-09-29,2024-09-30,2024-09-30,2777,86,2,0.8,0.2,0.0,0.59,0.06,0.7272727272727273,0.12790697674418605,1.0,0.023255813953488372,0,0.0,0.08,0.0,0,publish_quality,global_lr,none,0.0,0.4069767441860465,0.0,0.5930232558139535,0.24115128694818858,0.6753363081917064,accuracy_cov,0.0,0.0,0,0.0,0.0,0.0,0,0.0,0.0,0.0,0.0,0.0,0.00672093023255814,0.6046511627906976,0,0.0,0.0,0.0,0.0,0.0,0.0,0.0,0,0.0,0.5,0.0,0.5930232558139535,0.5,0,0.0,0.0,0.0,0.0,0.0,0.0,0.0,0.0,0.0,1.0,1.0,0.0,0.5269147623566719,0.5,0.0,0.0
61,yrfi,2024-02-23,2024-09-25,2024-09-26,2024-10-02,2024-10-03,2024-10-03,2810,63,1,0.65,0.35,0.0,0.57,0.06,0.7,0.15873015873015872,0.3333333333333333,0.047619047619047616,0,0.0,0.08,0.0,0,publish_quality,global_lr,none,0.0,0.42857142857142855,0.0,0.5714285714285714,0.24433200840796865,0.6817556300843014,accuracy_cov,0.0,0.0,0,0.0,0.0,0.0,0,0.0,0.0,0.0,0.0,0.0,0.006476190476190477,0.5555555555555556,0,0.0,0.0,0.0,0.0,0.0,0.0,0.0,0,0.0,0.5,0.0,0.5714285714285714,0.5,0,0.0,0.0,0.0,0.0,0.0,0.0,0.0,0.0,0.0,1.0,1.0,0.0,0.5523642253882891,0.5,0.0,0.0
71,yrfi,2024-02-23,2025-02-20,2025-02-21,2025-02-27,2025-02-28,2025-02-28,2909,92,16,0.2,0.8,0.0,0.62,0.06,0.631578947368421,0.8260869565217391,0.575,0.43478260869565216,0,0.0,0.08,0.0,0,publish_quality,global_lr,none,0.0,0.3695652173913043,0.0,0.6304347826086957,0.23292298778132695,0.658587018815062,accuracy_cov,0.0,0.0,0,0.0,0.0,0.0,0,0.0,0.0,0.0,0.0,0.0,0.006869565217391306,0.5434782608695652,0,0.0,0.0,0.0,0.0,0.0,0.0,0.0,0,0.0,0.5,0.0,0.6304347826086957,0.5,0,0.0,0.0,0.0,0.0,0.0,0.0,0.0,0.0,0.0,0.5625,0.5625,0.2507312354182616,0.6950495823450321,0.3174603174603175,0.7142857142857143,0.4375
72,yrfi,2024-02-23,2025-02-23,2025-02-24,2025-03-02,2025-03-03,2025-03-03,2945,104,12,0.2,0.8,0.0,0.55,0.06,0.5673076923076923,1.0,0.5833333333333334,0.8076923076923077,0,0.0,0.08,0.0,0,publish_quality,global_lr,none,0.0,0.4326923076923077,0.0,0.5673076923076923,0.24547142439007075,0.6840625067105581,accuracy_cov,0.0,0.0,0,0.0,0.0,0.0,0,0.0,0.0,0.0,0.0,0.0,0.006692307692307694,0.5961538461538461,0,0.0,0.0,0.0,0.0,0.0,0.0,0.0,0,0.0,0.5,0.0,0.5673076923076923,0.5,0,0.0,0.0,0.0,0.0,0.0,0.0,0.0,0.0,0.0,0.5,0.5,0.2542986389180339,0.7018190672662096,0.36111111111111105,0.4,0.8333333333333334
73,yrfi,2024-02-23,2025-02-26,2025-02-27,2025-03-05,2025-03-06,2025-03-06,2985,101,15,0.65,0.35,0.0,0.56,0.06,0.5857142857142857,0.693069306930693,0.5483870967741935,0.3069306930693069,0,0.0,0.08,0.0,0,publish_quality,global_lr,none,0.0,0.43564356435643564,0.0,0.5643564356435643,0.24581064010573941,0.6847441559315325,accuracy_cov,0.0,0.0,0,0.0,0.0,0.0,0,0.0,0.0,0.0,0.0,0.0,0.00607920792079208,0.5742574257425742,0,0.0,0.0,0.0,0.0,0.0,0.0,0.0,0,0.0,0.5,0.0,0.5643564356435643,0.5,0,0.0,0.0,0.0,0.0,0.0,0.0,0.0,0.0,0.0,0.6666666666666666,0.6666666666666666,0.23278469815927166,0.6585517167705949,0.7400000000000001,0.6666666666666666,0.2
74,yrfi,2024-02-23,2025-03-01,2025-03-02,2025-03-08,2025-03-09,2025-03-09,3033,96,17,0.2,0.8,0.0,0.57,0.06,0.5555555555555556,0.28125,0.4,0.10416666666666667,0,0.0,0.08,0.0,0,publish_quality,global_lr,none,0.0,0.4270833333333333,0.0,0.5729166666666666,0.24462704384350054,0.6823616849954082,accuracy_cov,0.0,0.0,0,0.0,0.0,0.0,0,0.0,0.0,0.0,0.0,0.0,0.006208333333333334,0.53125,0,0.0,0.0,0.0,0.0,0.0,0.0,0.0,0,0.0,0.5,0.0,0.5729166666666666,0.5,0,0.0,0.0,0.0,0.0,0.0,0.0,0.0,0.0,0.0,0.5294117647058824,0.5294117647058824,0.2509247574270385,0.695045219338306,0.38888888888888895,0.0,0.058823529411764705
75,yrfi,2024-02-23,2025-03-04,2025-03-05,2025-03-11,2025-03-12,2025-03-12,3073,103,11,0.2,0.8,0.0,0.57,0.06,0.6206896551724138,0.2815533980582524,0.5454545454545454,0.10679611650485436,0,0.0,0.08,0.0,0,publish_quality,global_lr,none,0.0,0.42718446601941745,0.0,0.5728155339805825,0.2446457648599988,0.6823993564864022,accuracy_cov,0.0,0.0,0,0.0,0.0,0.0,0,0.0,0.0,0.0,0.0,0.0,0.006679611650485438,0.5339805825242718,0,0.0,0.0,0.0,0.0,0.0,0.0,0.0,0,0.0,0.5,0.0,0.5728155339805825,0.5,0,0.0,0.0,0.0,0.0,0.0,0.0,0.0,0.0,0.0,0.45454545454545453,0.45454545454545453,0.26023704391540775,0.7137634588173132,0.8333333333333333,0.0,0.0
76,yrfi,2024-02-23,2025-03-07,2025-03-08,2025-03-14,2025-03-15,2025-03-15,3112,104,17,0.2,0.8,0.0,0.55,0.06,0.5714285714285714,0.0673076923076923,0.0,0.028846153846153848,0,0.0,0.08,0.0,0,publish_quality,global_lr,none,0.0,0.46153846153846156,0.0,0.5384615384615384,0.24739413381955308,0.687920080051238,accuracy_cov,0.0,0.0,0,0.0,0.0,0.0,0,0.0,0.0,0.0,0.0,0.0,0.006923076923076922,0.5480769230769231,0,0.0,0.0,0.0,0.0,0.0,0.0,0.0,0,0.0,0.5,0.0,0.5384615384615384,0.5,0,0.0,0.0,0.0,0.0,0.0,0.0,0.0,0.0,0.0,0.47058823529411764,0.47058823529411764,0.2533535830519302,0.6998739910756215,0.4444444444444444,0.0,0.0
77,yrfi,2024-02-23,2025-03-10,2025-03-11,2025-03-17,2025-03-18,2025-03-18,3162,102,12,0.5,0.5,0.0,0.55,0.06,0.0,0.0,0.0,0.0,1,0.02,0.08,0.0,0,fallback_default,global_lr,none,0.0,0.5196078431372549,0.0,0.0,0.0,0.0,fallback_default,0.0,0.0,0,0.0,0.0,0.0,0,0.0,0.0,0.0,0.0,0.0,0.0,0.0,0,0.0,0.0,0.0,0.0,0.0,0.0,0.0,0,0.0,0.5,0.0,0.0,0.5,0,0.0,0.0,0.0,0.0,0.0,0.0,0.0,0.0,0.0,0.4166666666666667,0.4166666666666667,0.25366429599077606,0.7004797000027868,0.2571428571428571,0.0,0.0
78,yrfi,2024-02-23,2025-03-13,2025-03-14,2025-03-20,2025-03-21,2025-03-21,3200,100,18,0.5,0.5,0.0,0.55,0.06,0.0,0.0,0.0,0.0,1,0.02,0.08,0.0,0,fallback_default,global_lr,none,0.0,0.49,0.0,0.0,0.0,0.0,fallback_default,0.0,0.0,0,0.0,0.0,0.0,0,0.0,0.0,0.0,0.0,0.0,0.0,0.0,0,0.0,0.0,0.0,0.0,0.0,0.0,0.0,0,0.0,0.5,0.0,0.0,0.5,0,0.0,0.0,0.0,0.0,0.0,0.0,0.0,0.0,0.0,0.7222222222222222,0.7222222222222222,0.2448775424322696,0.6829001103113939,0.6615384615384615,0.0,0.0
79,yrfi,2024-02-23,2025-03-16,2025-03-17,2025-03-23,2025-03-24,2025-03-24,3249,100,11,0.5,0.5,0.0,0.55,0.06,0.0,0.0,0.0,0.0,1,0.02,0.08,0.0,0,fallback_default,global_lr,none,0.0,0.47,0.0,0.0,0.0,0.0,fallback_default,0.0,0.0,0,0.0,0.0,0.0,0,0.0,0.0,0.0,0.0,0.0,0.0,0.0,0,0.0,0.0,0.0,0.0,0.0,0.0,0.0,0,0.0,0.5,0.0,0.0,0.5,0,0.0,0.0,0.0,0.0,0.0,0.0,0.0,0.0,0.0,0.45454545454545453,0.45454545454545453,0.2541306719106349,0.7014223271695091,0.26666666666666666,0.0,0.0
80,yrfi,2024-02-23,2025-03-19,2025-03-20,2025-03-27,2025-03-28,2025-03-28,3289,92,9,0.5,0.5,0.0,0.55,0.06,0.0,0.0,0.0,0.0,1,0.02,0.08,0.0,0,fallback_default,global_lr,none,0.0,0.4891304347826087,0.0,0.0,0.0,0.0,fallback_default,0.0,0.0,0,0.0,0.0,0.0,0,0.0,0.0,0.0,0.0,0.0,0.0,0.0,0,0.0,0.0,0.0,0.0,0.0,0.0,0.0,0,0.0,0.5,0.0,0.0,0.5,0,0.0,0.0,0.0,0.0,0.0,0.0,0.0,0.0,0.0,0.8888888888888888,0.8888888888888888,0.24242315589492536,0.6779912814071073,0.25,0.0,0.0
81,yrfi,2024-02-23,2025-03-22,2025-03-23,2025-03-30,2025-03-31,2025-03-31,3334,84,14,0.5,0.5,0.0,0.55,0.06,0.0,0.0,0.0,0.0,1,0.02,0.08,0.0,0,fallback_default,global_lr,none,0.0,0.4523809523809524,0.0,0.0,0.0,0.0,fallback_default,0.0,0.0,0,0.0,0.0,0.0,0,0.0,0.0,0.0,0.0,0.0,0.0,0.0,0,0.0,0.0,0.0,0.0,0.0,0.0,0.0,0,0.0,0.5,0.0,0.0,0.5,0,0.0,0.0,0.0,0.0,0.0,0.0,0.0,0.0,0.0,0.2857142857142857,0.2857142857142857,0.27122917733366353,0.7357253500600862,0.05,0.0,0.0
82,yrfi,2024-02-23,2025-03-25,2025-03-27,2025-04-02,2025-04-03,2025-04-03,3367,93,5,0.65,0.35,0.0,0.55,0.06,1.0,0.010752688172043012,0.0,0.0,0,0.0,0.08,0.0,0,publish_quality,global_lr,none,0.0,0.45161290322580644,0.0,0.5483870967741935,0.24738759781491096,0.6879106131774898,accuracy_cov,0.0,0.0,0,0.0,0.0,0.0,0,0.0,0.0,0.0,0.0,0.0,0.006989247311827958,0.5591397849462365,0,0.0,0.0,0.0,0.0,0.0,0.0,0.0,0,0.0,0.5,0.0,0.5483870967741935,0.5,0,0.0,0.0,0.0,0.0,0.0,0.0,0.0,0.0,0.0,0.4,0.4,0.2607413767465798,0.7146930892208939,0.5,0.0,0.0
83,yrfi,2024-02-23,2025-03-29,2025-03-30,2025-04-05,2025-04-06,2025-04-06,3405,88,15,0.2,0.8,0.0,0.56,0.06,0.5797101449275363,0.7840909090909091,0.6071428571428571,0.6363636363636364,0,0.0,0.08,0.0,0,publish_quality,global_lr,none,0.0,0.5681818181818182,0.0,0.5681818181818182,0.24498491907202632,0.6830754270461835,accuracy_cov,0.0,0.0,0,0.0,0.0,0.0,0,0.0,0.0,0.0,0.0,0.0,0.001590909090909091,0.3977272727272727,0,0.0,0.0,0.0,0.0,0.0,0.0,0.0,0,0.0,0.5,0.0,0.5681818181818182,0.5,0,0.0,0.0,0.0,0.0,0.0,0.0,0.0,0.0,0.0,0.7333333333333333,0.7333333333333333,0.22478324651877538,0.6424636905950776,0.40909090909090906,0.7272727272727273,0.7333333333333333
84,yrfi,2024-02-23,2025-04-01,2025-04-02,2025-04-08,2025-04-09,2025-04-09,3445,89,15,0.65,0.35,0.0,0.55,0.06,0.6363636363636364,0.12359550561797752,0.4,0.056179775280898875,0,0.0,0.08,0.0,0,publish_quality,global_lr,none,0.0,0.550561797752809,0.0,0.550561797752809,0.2472192451288281,0.6875727876237957,accuracy_cov,0.0,0.0,0,0.0,0.0,0.0,0,0.0,0.0,0.0,0.0,0.0,0.0016179775280898878,0.4044943820224719,0,0.0,0.0,0.0,0.0,0.0,0.0,0.0,0,0.0,0.5,0.0,0.550561797752809,0.5,0,0.0,0.0,0.0,0.0,0.0,0.0,0.0,0.0,0.0,0.4,0.4,0.2615379418851815,0.7162977240796057,0.5555555555555556,0.0,0.0
85,yrfi,2024-02-23,2025-04-04,2025-04-05,2025-04-11,2025-04-12,2025-04-12,3479,90,15,0.5,0.5,0.0,0.55,0.06,0.0,0.0,0.0,0.0,1,0.02,0.08,0.0,0,fallback_default,global_lr,none,0.0,0.4777777777777778,0.0,0.0,0.0,0.0,fallback_default,0.0,0.0,0,0.0,0.0,0.0,0,0.0,0.0,0.0,0.0,0.0,0.0,0.0,0,0.0,0.0,0.0,0.0,0.0,0.0,0.0,0,0.0,0.5,0.0,0.0,0.5,0,0.0,0.0,0.0,0.0,0.0,0.0,0.0,0.0,0.0,0.4666666666666667,0.4666666666666667,0.2509813141758001,0.6951091829345188,0.6428571428571429,0.0,0.0
86,yrfi,2024-02-23,2025-04-07,2025-04-08,2025-04-14,2025-04-15,2025-04-15,3519,90,15,0.5,0.5,0.0,0.55,0.06,0.0,0.0,0.0,0.0,1,0.02,0.08,0.0,0,fallback_default,global_lr,none,0.0,0.4666666666666667,0.0,0.0,0.0,0.0,fallback_default,0.0,0.0,0,0.0,0.0,0.0,0,0.0,0.0,0.0,0.0,0.0,0.0,0.0,0,0.0,0.0,0.0,0.0,0.0,0.0,0.0,0,0.0,0.5,0.0,0.0,0.5,0,0.0,0.0,0.0,0.0,0.0,0.0,0.0,0.0,0.0,0.6,0.6,0.24464856149829384,0.6824309612343036,0.4814814814814815,0.0,0.0
87,yrfi,2024-02-23,2025-04-10,2025-04-11,2025-04-17,2025-04-18,2025-04-18,3555,94,14,0.5,0.5,0.0,0.55,0.06,0.0,0.0,0.0,0.0,1,0.02,0.08,0.0,0,fallback_default,global_lr,none,0.0,0.4787234042553192,0.0,0.0,0.0,0.0,fallback_default,0.0,0.0,0,0.0,0.0,0.0,0,0.0,0.0,0.0,0.0,0.0,0.0,0.0,0,0.0,0.0,0.0,0.0,0.0,0.0,0.0,0,0.0,0.5,0.0,0.0,0.5,0,0.0,0.0,0.0,0.0,0.0,0.0,0.0,0.0,0.0,0.5714285714285714,0.5714285714285714,0.2470829904227288,0.6873087297578782,0.625,0.0,0.0
88,yrfi,2024-02-23,2025-04-13,2025-04-14,2025-04-20,2025-04-21,2025-04-21,3599,95,8,0.5,0.5,0.0,0.55,0.06,0.0,0.0,0.0,0.0,1,0.02,0.08,0.0,0,fallback_default,global_lr,none,0.0,0.49473684210526314,0.0,0.0,0.0,0.0,fallback_default,0.0,0.0,0,0.0,0.0,0.0,0,0.0,0.0,0.0,0.0,0.0,0.0,0.0,0,0.0,0.0,0.0,0.0,0.0,0.0,0.0,0,0.0,0.5,0.0,0.0,0.5,0,0.0,0.0,0.0,0.0,0.0,0.0,0.0,0.0,0.0,0.625,0.625,0.2487645906591454,0.6906762693264146,0.4666666666666666,0.0,0.0
89,yrfi,2024-02-23,2025-04-16,2025-04-17,2025-04-23,2025-04-24,2025-04-24,3639,92,9,0.5,0.5,0.0,0.55,0.06,0.0,0.0,0.0,0.0,1,0.02,0.08,0.0,0,fallback_default,global_lr,none,0.0,0.532608695652174,0.0,0.0,0.0,0.0,fallback_default,0.0,0.0,0,0.0,0.0,0.0,0,0.0,0.0,0.0,0.0,0.0,0.0,0.0,0,0.0,0.0,0.0,0.0,0.0,0.0,0.0,0,0.0,0.5,0.0,0.0,0.5,0,0.0,0.0,0.0,0.0,0.0,0.0,0.0,0.0,0.0,0.5555555555555556,0.5555555555555556,0.24755195042849973,0.6882462153186197,0.65,0.0,0.0
90,yrfi,2024-02-23,2025-04-19,2025-04-20,2025-04-26,2025-04-27,2025-04-27,3678,91,16,0.5,0.5,0.0,0.55,0.06,0.0,0.0,0.0,0.0,1,0.02,0.08,0.0,0,fallback_default,global_lr,none,0.0,0.5054945054945055,0.0,0.0,0.0,0.0,fallback_default,0.0,0.0,0,0.0,0.0,0.0,0,0.0,0.0,0.0,0.0,0.0,0.0,0.0,0,0.0,0.0,0.0,0.0,0.0,0.0,0.0,0,0.0,0.5,0.0,0.0,0.5,0,0.0,0.0,0.0,0.0,0.0,0.0,0.0,0.0,0.0,0.6875,0.6875,0.24819108676250748,0.6895292366686185,0.39999999999999997,0.0,0.0
91,yrfi,2024-02-23,2025-04-22,2025-04-23,2025-04-29,2025-04-30,2025-04-30,3717,90,16,0.5,0.5,0.0,0.55,0.06,0.0,0.0,0.0,0.0,1,0.02,0.08,0.0,0,fallback_default,global_lr,none,0.0,0.5333333333333333,0.0,0.0,0.0,0.0,fallback_default,0.0,0.0,0,0.0,0.0,0.0,0,0.0,0.0,0.0,0.0,0.0,0.0,0.0,0,0.0,0.0,0.0,0.0,0.0,0.0,0.0,0,0.0,0.5,0.0,0.0,0.5,0,0.0,0.0,0.0,0.0,0.0,0.0,0.0,0.0,0.0,0.625,0.625,0.24354028654677534,0.6802141564941213,0.33333333333333337,0.0,0.0
92,yrfi,2024-02-23,2025-04-25,2025-04-26,2025-05-02,2025-05-03,2025-05-03,3753,96,14,0.8,0.2,0.0,0.57,0.06,0.8181818181818182,0.11458333333333333,1.0,0.0625,0,0.0,0.08,0.0,0,publish_quality,global_lr,none,0.0,0.5729166666666666,0.0,0.5729166666666666,0.24461359587579043,0.6823336910912357,accuracy_cov,0.0,0.0,0,0.0,0.0,0.0,0,0.0,0.0,0.0,0.0,0.0,0.001625,0.40625,0,0.0,0.0,0.0,0.0,0.0,0.0,0.0,0,0.0,0.5,0.0,0.5729166666666666,0.5,0,0.0,0.0,0.0,0.0,0.0,0.0,0.0,0.0,0.0,0.5,0.5,0.2551169025463222,0.703486931113167,0.4489795918367347,0.0,0.07142857142857142
93,yrfi,2024-02-23,2025-04-28,2025-04-29,2025-05-05,2025-05-06,2025-05-06,3793,95,15,0.5,0.5,0.0,0.55,0.06,0.0,0.0,0.0,0.0,1,0.02,0.08,0.0,0,fallback_default,global_lr,none,0.0,0.5052631578947369,0.0,0.0,0.0,0.0,fallback_default,0.0,0.0,0,0.0,0.0,0.0,0,0.0,0.0,0.0,0.0,0.0,0.0,0.0,0,0.0,0.0,0.0,0.0,0.0,0.0,0.0,0,0.0,0.5,0.0,0.0,0.5,0,0.0,0.0,0.0,0.0,0.0,0.0,0.0,0.0,0.0,0.4,0.4,0.2510509990995259,0.6952492529874028,0.24074074074074078,0.0,0.0
94,yrfi,2024-02-23,2025-05-01,2025-05-02,2025-05-08,2025-05-09,2025-05-09,3834,93,15,0.2,0.8,0.0,0.57,0.06,0.625,0.17204301075268819,0.45454545454545453,0.11827956989247312,0,0.0,0.08,0.0,0,publish_quality,global_lr,none,0.0,0.43010752688172044,0.0,0.5698924731182796,0.24458033428253328,0.6822571628215433,accuracy_cov,0.0,0.0,0,0.0,0.0,0.0,0,0.0,0.0,0.0,0.0,0.0,0.0075698924731182815,0.5591397849462365,0,0.0,0.0,0.0,0.0,0.0,0.0,0.0,0,0.0,0.5,0.0,0.5698924731182796,0.5,0,0.0,0.0,0.0,0.0,0.0,0.0,0.0,0.0,0.0,0.4,0.4,0.26826805200341647,0.7299509010347143,0.46296296296296297,0.3333333333333333,0.2
95,yrfi,2024-02-23,2025-05-04,2025-05-05,2025-05-11,2025-05-12,2025-05-12,3879,93,11,0.2,0.8,0.0,0.55,0.06,0.5666666666666667,0.967741935483871,0.5777777777777777,0.4838709677419355,0,0.0,0.08,0.0,0,publish_quality,global_lr,none,0.0,0.44086021505376344,0.0,0.5591397849462365,0.24632484680147512,0.6857766786390285,accuracy_cov,0.0,0.0,0,0.0,0.0,0.0,0,0.0,0.0,0.0,0.0,0.0,0.006881720430107529,0.5591397849462365,0,0.0,0.0,0.0,0.0,0.0,0.0,0.0,0,0.0,0.5,0.0,0.5591397849462365,0.5,0,0.0,0.0,0.0,0.0,0.0,0.0,0.0,0.0,0.0,0.8181818181818182,0.8181818181818182,0.21767983532352614,0.628250938988094,0.4444444444444444,0.8,0.45454545454545453
96,yrfi,2024-02-23,2025-05-07,2025-05-08,2025-05-14,2025-05-15,2025-05-15,3918,95,6,0.5,0.5,0.0,0.55,0.06,0.0,0.0,0.0,0.0,1,0.02,0.08,0.0,0,fallback_default,global_lr,none,0.0,0.4631578947368421,0.0,0.0,0.0,0.0,fallback_default,0.0,0.0,0,0.0,0.0,0.0,0,0.0,0.0,0.0,0.0,0.0,0.0,0.0,0,0.0,0.0,0.0,0.0,0.0,0.0,0.0,0,0.0,0.5,0.0,0.0,0.5,0,0.0,0.0,0.0,0.0,0.0,0.0,0.0,0.0,0.0,0.5,0.5,0.2511301777576201,0.6954126520878535,1.0,0.0,0.0
97,yrfi,2024-02-23,2025-05-10,2025-05-11,2025-05-17,2025-05-18,2025-05-18,3957,92,15,0.2,0.8,0.0,0.55,0.06,0.5760869565217391,1.0,0.5595238095238095,0.9130434782608695,0,0.0,0.08,0.0,0,publish_quality,global_lr,none,0.0,0.42391304347826086,0.0,0.5760869565217391,0.24421921244701486,0.6815408254550466,accuracy_cov,0.0,0.0,0,0.0,0.0,0.0,0,0.0,0.0,0.0,0.0,0.0,0.0067826086956521755,0.5543478260869565,0,0.0,0.0,0.0,0.0,0.0,0.0,0.0,0,0.0,0.5,0.0,0.5760869565217391,0.5,0,0.0,0.0,0.0,0.0,0.0,0.0,0.0,0.0,0.0,0.4,0.4,0.26936471177080173,0.7321781543700602,0.42592592592592593,0.42857142857142855,0.9333333333333333
98,yrfi,2024-02-23,2025-05-13,2025-05-14,2025-05-20,2025-05-21,2025-05-21,3996,94,14,0.5,0.5,0.0,0.55,0.06,0.0,0.0,0.0,0.0,1,0.02,0.08,0.0,0,fallback_default,global_lr,none,0.0,0.48936170212765956,0.0,0.0,0.0,0.0,fallback_default,0.0,0.0,0,0.0,0.0,0.0,0,0.0,0.0,0.0,0.0,0.0,0.0,0.0,0,0.0,0.0,0.0,0.0,0.0,0.0,0.0,0,0.0,0.5,0.0,0.0,0.5,0,0.0,0.0,0.0,0.0,0.0,0.0,0.0,0.0,0.0,0.5714285714285714,0.5714285714285714,0.24798831693211837,0.6891228026596219,0.6666666666666667,0.0,0.0
99,yrfi,2024-02-23,2025-05-16,2025-05-17,2025-05-23,2025-05-24,2025-05-24,4034,93,16,0.5,0.5,0.0,0.55,0.06,0.0,0.0,0.0,0.0,1,0.02,0.08,0.0,0,fallback_default,global_lr,none,0.0,0.4946236559139785,0.0,0.0,0.0,0.0,fallback_default,0.0,0.0,0,0.0,0.0,0.0,0,0.0,0.0,0.0,0.0,0.0,0.0,0.0,0,0.0,0.0,0.0,0.0,0.0,0.0,0.0,0,0.0,0.5,0.0,0.0,0.5,0,0.0,0.0,0.0,0.0,0.0,0.0,0.0,0.0,0.0,0.3125,0.3125,0.25257737702721506,0.6983026529437386,0.41818181818181815,0.0,0.0
100,yrfi,2024-02-23,2025-05-19,2025-05-20,2025-05-26,2025-05-27,2025-05-27,4076,94,15,0.5,0.5,0.0,0.55,0.06,0.0,0.0,0.0,0.0,1,0.02,0.08,0.0,0,fallback_default,global_lr,none,0.0,0.5319148936170213,0.0,0.0,0.0,0.0,fallback_default,0.0,0.0,0,0.0,0.0,0.0,0,0.0,0.0,0.0,0.0,0.0,0.0,0.0,0,0.0,0.0,0.0,0.0,0.0,0.0,0.0,0,0.0,0.5,0.0,0.0,0.5,0,0.0,0.0,0.0,0.0,0.0,0.0,0.0,0.0,0.0,0.4666666666666667,0.4666666666666667,0.253144777637843,0.6994467157158492,0.42857142857142855,0.0,0.0
101,yrfi,2024-02-23,2025-05-22,2025-05-23,2025-05-29,2025-05-30,2025-05-30,4112,92,15,0.5,0.5,0.0,0.55,0.06,0.0,0.0,0.0,0.0,1,0.02,0.08,0.0,0,fallback_default,global_lr,none,0.0,0.5108695652173914,0.0,0.0,0.0,0.0,fallback_default,0.0,0.0,0,0.0,0.0,0.0,0,0.0,0.0,0.0,0.0,0.0,0.0,0.0,0,0.0,0.0,0.0,0.0,0.0,0.0,0.0,0,0.0,0.5,0.0,0.0,0.5,0,0.0,0.0,0.0,0.0,0.0,0.0,0.0,0.0,0.0,0.7333333333333333,0.7333333333333333,0.24489733514242593,0.6829399747113541,0.6363636363636364,0.0,0.0
102,yrfi,2024-02-23,2025-05-25,2025-05-26,2025-06-01,2025-06-02,2025-06-02,4158,91,7,0.5,0.5,0.0,0.55,0.06,0.0,0.0,0.0,0.0,1,0.02,0.08,0.0,0,fallback_default,global_lr,none,0.0,0.5274725274725275,0.0,0.0,0.0,0.0,fallback_default,0.0,0.0,0,0.0,0.0,0.0,0,0.0,0.0,0.0,0.0,0.0,0.0,0.0,0,0.0,0.0,0.0,0.0,0.0,0.0,0.0,0,0.0,0.5,0.0,0.0,0.5,0,0.0,0.0,0.0,0.0,0.0,0.0,0.0,0.0,0.0,0.7142857142857143,0.7142857142857143,0.23964063428857027,0.672410744623116,0.3,0.0,0.0
103,yrfi,2024-02-23,2025-05-28,2025-05-29,2025-06-04,2025-06-05,2025-06-05,4199,86,13,0.2,0.8,0.0,0.55,0.06,0.5813953488372093,1.0,0.5813953488372093,1.0,0,0.0,0.08,0.0,0,publish_quality,global_lr,none,0.0,0.5813953488372093,0.0,0.5813953488372093,0.24334440950743927,0.6797754009796683,accuracy_cov,0.0,0.0,0,0.0,0.0,0.0,0,0.0,0.0,0.0,0.0,0.0,0.001674418604651163,0.4186046511627907,0,0.0,0.0,0.0,0.0,0.0,0.0,0.0,0,0.0,0.5,0.0,0.5813953488372093,0.5,0,0.0,0.0,0.0,0.0,0.0,0.0,0.0,0.0,0.0,0.3076923076923077,0.3076923076923077,0.28577979774327167,0.7653364880366537,0.25,0.3076923076923077,1.0
104,yrfi,2024-02-23,2025-05-31,2025-06-01,2025-06-07,2025-06-08,2025-06-08,4234,94,15,0.5,0.5,0.0,0.55,0.06,0.0,0.0,0.0,0.0,1,0.02,0.08,0.0,0,fallback_default,global_lr,none,0.0,0.4787234042553192,0.0,0.0,0.0,0.0,fallback_default,0.0,0.0,0,0.0,0.0,0.0,0,0.0,0.0,0.0,0.0,0.0,0.0,0.0,0,0.0,0.0,0.0,0.0,0.0,0.0,0.0,0,0.0,0.5,0.0,0.0,0.5,0,0.0,0.0,0.0,0.0,0.0,0.0,0.0,0.0,0.0,0.5333333333333333,0.5333333333333333,0.24895118912510672,0.6910475531331518,0.48214285714285715,0.0,0.0
105,yrfi,2024-02-23,2025-06-03,2025-06-04,2025-06-10,2025-06-11,2025-06-11,4271,96,15,0.8,0.2,0.0,0.58,0.06,0.7241379310344828,0.3020833333333333,0.6363636363636364,0.11458333333333333,0,0.0,0.08,0.0,0,publish_quality,global_lr,none,0.0,0.4166666666666667,0.0,0.5833333333333334,0.2424418895947215,0.6779340856725599,accuracy_cov,0.0,0.0,0,0.0,0.0,0.0,0,0.0,0.0,0.0,0.0,0.0,0.007312500000000002,0.625,0,0.0,0.0,0.0,0.0,0.0,0.0,0.0,0,0.0,0.5,0.0,0.5833333333333334,0.5,0,0.0,0.0,0.0,0.0,0.0,0.0,0.0,0.0,0.0,0.4,0.4,0.27198364052852064,0.7375487633126666,0.3888888888888889,0.0,0.06666666666666667
106,yrfi,2024-02-23,2025-06-06,2025-06-07,2025-06-13,2025-06-14,2025-06-14,4313,92,15,0.5,0.5,0.0,0.55,0.06,1.0,0.03260869565217391,0.0,0.0,0,0.0,0.08,0.0,0,publish_quality,global_lr,none,0.0,0.45652173913043476,0.0,0.5434782608695652,0.24750091253879294,0.6881362716879954,accuracy_cov,0.0,0.0,0,0.0,0.0,0.0,0,0.0,0.0,0.0,0.0,0.0,0.007673913043478262,0.6413043478260869,0,0.0,0.0,0.0,0.0,0.0,0.0,0.0,0,0.0,0.5,0.0,0.5434782608695652,0.5,0,0.0,0.0,0.0,0.0,0.0,0.0,0.0,0.0,0.0,0.5333333333333333,0.5333333333333333,0.24787524397778596,0.6888835449502545,0.6785714285714285,0.0,0.0
107,yrfi,2024-02-23,2025-06-09,2025-06-10,2025-06-16,2025-06-17,2025-06-17,4352,90,15,0.5,0.5,0.0,0.55,0.06,0.0,0.0,0.0,0.0,1,0.02,0.08,0.0,0,fallback_default,global_lr,none,0.0,0.4777777777777778,0.0,0.0,0.0,0.0,fallback_default,0.0,0.0,0,0.0,0.0,0.0,0,0.0,0.0,0.0,0.0,0.0,0.0,0.0,0,0.0,0.0,0.0,0.0,0.0,0.0,0.0,0,0.0,0.5,0.0,0.0,0.5,0,0.0,0.0,0.0,0.0,0.0,0.0,0.0,0.0,0.0,0.4666666666666667,0.4666666666666667,0.2526705439824059,0.6984940073309391,0.4464285714285714,0.0,0.0
108,yrfi,2024-02-23,2025-06-12,2025-06-13,2025-06-19,2025-06-20,2025-06-20,4390,95,15,0.5,0.5,0.0,0.55,0.06,0.0,0.0,0.0,0.0,1,0.02,0.08,0.0,0,fallback_default,global_lr,none,0.0,0.49473684210526314,0.0,0.0,0.0,0.0,fallback_default,0.0,0.0,0,0.0,0.0,0.0,0,0.0,0.0,0.0,0.0,0.0,0.0,0.0,0,0.0,0.0,0.0,0.0,0.0,0.0,0.0,0,0.0,0.5,0.0,0.0,0.5,0,0.0,0.0,0.0,0.0,0.0,0.0,0.0,0.0,0.0,0.26666666666666666,0.26666666666666666,0.25233513230921756,0.6978176076866093,0.47727272727272724,0.0,0.0
109,yrfi,2024-02-23,2025-06-15,2025-06-16,2025-06-22,2025-06-23,2025-06-23,4435,95,9,0.2,0.8,0.0,0.55,0.06,0.5652173913043478,0.968421052631579,0.5443037974683544,0.8315789473684211,0,0.0,0.08,0.0,0,publish_quality,global_lr,none,0.0,0.5578947368421052,0.0,0.5578947368421052,0.24646898352683988,0.6860661385575345,accuracy_cov,0.0,0.0,0,0.0,0.0,0.0,0,0.0,0.0,0.0,0.0,0.0,0.0016000000000000003,0.4,0,0.0,0.0,0.0,0.0,0.0,0.0,0.0,0,0.0,0.5,0.0,0.5578947368421052,0.5,0,0.0,0.0,0.0,0.0,0.0,0.0,0.0,0.0,0.0,0.4444444444444444,0.4444444444444444,0.25853212192857344,0.7102862092969151,0.6,0.42857142857142855,0.7777777777777778
110,yrfi,2024-02-23,2025-06-18,2025-06-19,2025-06-25,2025-06-26,2025-06-26,4469,100,9,0.5,0.5,0.0,0.55,0.06,0.0,0.0,0.0,0.0,1,0.02,0.08,0.0,0,fallback_default,global_lr,none,0.0,0.47,0.0,0.0,0.0,0.0,fallback_default,0.0,0.0,0,0.0,0.0,0.0,0,0.0,0.0,0.0,0.0,0.0,0.0,0.0,0,0.0,0.0,0.0,0.0,0.0,0.0,0.0,0,0.0,0.5,0.0,0.0,0.5,0,0.0,0.0,0.0,0.0,0.0,0.0,0.0,0.0,0.0,0.8888888888888888,0.8888888888888888,0.22957364020934712,0.6522544682742111,0.5,0.0,0.0
111,yrfi,2024-02-23,2025-06-21,2025-06-22,2025-06-28,2025-06-29,2025-06-29,4515,93,15,0.2,0.8,0.0,0.61,0.06,0.7142857142857143,0.15053763440860216,0.42857142857142855,0.07526881720430108,0,0.0,0.08,0.0,0,publish_quality,global_lr,none,0.0,0.3870967741935484,0.0,0.6129032258064516,0.2368787237539814,0.6666449597016655,accuracy_cov,0.0,0.0,0,0.0,0.0,0.0,0,0.0,0.0,0.0,0.0,0.0,0.007311827956989249,0.6021505376344086,0,0.0,0.0,0.0,0.0,0.0,0.0,0.0,0,0.0,0.5,0.0,0.6129032258064516,0.5,0,0.0,0.0,0.0,0.0,0.0,0.0,0.0,0.0,0.0,0.4666666666666667,0.4666666666666667,0.2710541595850055,0.736257689275595,0.053571428571428575,0.0,0.0
112,yrfi,2024-02-23,2025-06-24,2025-06-25,2025-07-01,2025-07-02,2025-07-02,4554,89,18,0.2,0.8,0.0,0.55,0.06,0.5730337078651685,1.0,0.5647058823529412,0.9550561797752809,0,0.0,0.08,0.0,0,publish_quality,global_lr,none,0.0,0.42696629213483145,0.0,0.5730337078651685,0.24467822663851943,0.6824658743334088,accuracy_cov,0.0,0.0,0,0.0,0.0,0.0,0,0.0,0.0,0.0,0.0,0.0,0.007213483146067417,0.6067415730337079,0,0.0,0.0,0.0,0.0,0.0,0.0,0.0,0,0.0,0.5,0.0,0.5730337078651685,0.5,0,0.0,0.0,0.0,0.0,0.0,0.0,0.0,0.0,0.0,0.3888888888888889,0.3888888888888889,0.27008446648531387,0.7336045521057524,0.46753246753246747,0.3125,0.8888888888888888
113,yrfi,2024-02-23,2025-06-27,2025-06-28,2025-07-04,2025-07-05,2025-07-05,4593,93,15,0.2,0.8,0.0,0.56,0.06,0.7142857142857143,0.15053763440860216,0.7692307692307693,0.13978494623655913,0,0.0,0.08,0.0,0,publish_quality,global_lr,none,0.0,0.5591397849462365,0.0,0.5591397849462365,0.24595653769197715,0.6850290031365951,accuracy_cov,0.0,0.0,0,0.0,0.0,0.0,0,0.0,0.0,0.0,0.0,0.0,0.0015913978494623657,0.3978494623655914,0,0.0,0.0,0.0,0.0,0.0,0.0,0.0,0,0.0,0.5,0.0,0.5591397849462365,0.5,0,0.0,0.0,0.0,0.0,0.0,0.0,0.0,0.0,0.0,0.6,0.6,0.24203282338191537,0.6771589356811873,0.5185185185185185,0.5,0.13333333333333333
114,yrfi,2024-02-23,2025-06-30,2025-07-01,2025-07-07,2025-07-08,2025-07-08,4631,95,15,0.5,0.5,0.0,0.55,0.06,0.0,0.0,0.0,0.0,1,0.02,0.08,0.0,0,fallback_default,global_lr,none,0.0,0.5473684210526316,0.0,0.0,0.0,0.0,fallback_default,0.0,0.0,0,0.0,0.0,0.0,0,0.0,0.0,0.0,0.0,0.0,0.0,0.0,0,0.0,0.0,0.0,0.0,0.0,0.0,0.0,0,0.0,0.5,0.0,0.0,0.5,0,0.0,0.0,0.0,0.0,0.0,0.0,0.0,0.0,0.0,0.4666666666666667,0.4666666666666667,0.2551060854932316,0.7033934271208641,0.375,0.0,0.0
115,yrfi,2024-02-23,2025-07-03,2025-07-04,2025-07-10,2025-07-11,2025-07-11,4671,94,16,0.5,0.5,0.0,0.55,0.06,0.0,0.0,0.0,0.0,1,0.02,0.08,0.0,0,fallback_default,global_lr,none,0.0,0.5212765957446809,0.0,0.0,0.0,0.0,fallback_default,0.0,0.0,0,0.0,0.0,0.0,0,0.0,0.0,0.0,0.0,0.0,0.0,0.0,0,0.0,0.0,0.0,0.0,0.0,0.0,0.0,0,0.0,0.5,0.0,0.0,0.5,0,0.0,0.0,0.0,0.0,0.0,0.0,0.0,0.0,0.0,0.375,0.375,0.255660724324417,0.7044752797584113,0.4333333333333333,0.0,0.0
116,yrfi,2024-02-23,2025-07-06,2025-07-07,2025-07-13,2025-07-15,2025-07-15,4716,95,1,0.2,0.8,0.0,0.55,0.06,0.5684210526315789,1.0,0.5263157894736842,0.8,0,0.0,0.08,0.0,0,publish_quality,global_lr,none,0.0,0.43157894736842106,0.0,0.5684210526315789,0.2453140977213869,0.6837458892748894,accuracy_cov,0.0,0.0,0,0.0,0.0,0.0,0,0.0,0.0,0.0,0.0,0.0,0.006842105263157896,0.5473684210526316,0,0.0,0.0,0.0,0.0,0.0,0.0,0.0,0,0.0,0.5,0.0,0.5684210526315789,0.5,0,0.0,0.0,0.0,0.0,0.0,0.0,0.0,0.0,0.0,0.0,0.0,0.0,0.8296500297404881,0.5,0.0,0.0
117,yrfi,2024-02-23,2025-07-09,2025-07-10,2025-07-19,2025-07-20,2025-07-20,4755,87,15,0.35,0.65,0.0,0.57,0.06,0.6296296296296297,0.6206896551724138,0.6956521739130435,0.26436781609195403,0,0.0,0.08,0.0,0,publish_quality,global_lr,none,0.0,0.42528735632183906,0.0,0.5747126436781609,0.24441750338687204,0.6819402610042352,accuracy_cov,0.0,0.0,0,0.0,0.0,0.0,0,0.0,0.0,0.0,0.0,0.0,0.0073793103448275875,0.5632183908045977,0,0.0,0.0,0.0,0.0,0.0,0.0,0.0,0,0.0,0.5,0.0,0.5747126436781609,0.5,0,0.0,0.0,0.0,0.0,0.0,0.0,0.0,0.0,0.0,0.4666666666666667,0.4666666666666667,0.25933629612830805,0.7119694758498433,0.6785714285714286,0.75,0.26666666666666666
118,yrfi,2024-02-23,2025-07-12,2025-07-13,2025-07-22,2025-07-23,2025-07-23,4796,91,15,0.8,0.2,0.0,0.57,0.06,0.7857142857142857,0.15384615384615385,0.8571428571428571,0.07692307692307693,0,0.0,0.08,0.0,0,publish_quality,global_lr,none,0.0,0.42857142857142855,0.0,0.5714285714285714,0.24432969148900407,0.681749520626082,accuracy_cov,0.0,0.0,0,0.0,0.0,0.0,0,0.0,0.0,0.0,0.0,0.0,0.007296703296703297,0.5274725274725275,0,0.0,0.0,0.0,0.0,0.0,0.0,0.0,0,0.0,0.5,0.0,0.5714285714285714,0.5,0,0.0,0.0,0.0,0.0,0.0,0.0,0.0,0.0,0.0,0.4666666666666667,0.4666666666666667,0.2580589565750567,0.7093685401098664,0.6964285714285715,0.0,0.0
119,yrfi,2024-02-23,2025-07-18,2025-07-19,2025-07-25,2025-07-26,2025-07-26,4827,94,16,0.5,0.5,0.0,0.55,0.06,0.0,0.0,0.0,0.0,1,0.02,0.08,0.0,0,fallback_default,global_lr,none,0.0,0.4787234042553192,0.0,0.0,0.0,0.0,fallback_default,0.0,0.0,0,0.0,0.0,0.0,0,0.0,0.0,0.0,0.0,0.0,0.0,0.0,0,0.0,0.0,0.0,0.0,0.0,0.0,0.0,0,0.0,0.5,0.0,0.0,0.5,0,0.0,0.0,0.0,0.0,0.0,0.0,0.0,0.0,0.0,0.625,0.625,0.24552456946662293,0.684192197901022,0.39999999999999997,0.0,0.0
120,yrfi,2024-02-23,2025-07-21,2025-07-22,2025-07-28,2025-07-29,2025-07-29,4872,95,16,0.5,0.5,0.0,0.55,0.06,0.0,0.0,0.0,0.0,1,0.02,0.08,0.0,0,fallback_default,global_lr,none,0.0,0.4842105263157895,0.0,0.0,0.0,0.0,fallback_default,0.0,0.0,0,0.0,0.0,0.0,0,0.0,0.0,0.0,0.0,0.0,0.0,0.0,0,0.0,0.0,0.0,0.0,0.0,0.0,0.0,0,0.0,0.5,0.0,0.0,0.5,0,0.0,0.0,0.0,0.0,0.0,0.0,0.0,0.0,0.0,0.5,0.5,0.25022163974878675,0.6935906562786257,0.484375,0.0,0.0
121,yrfi,2024-02-23,2025-07-24,2025-07-25,2025-07-31,2025-08-01,2025-08-01,4907,94,15,0.5,0.5,0.0,0.55,0.06,0.0,0.0,0.0,0.0,1,0.02,0.08,0.0,0,fallback_default,global_lr,none,0.0,0.4574468085106383,0.0,0.0,0.0,0.0,fallback_default,0.0,0.0,0,0.0,0.0,0.0,0,0.0,0.0,0.0,0.0,0.0,0.0,0.0,0,0.0,0.0,0.0,0.0,0.0,0.0,0.0,0,0.0,0.5,0.0,0.0,0.5,0,0.0,0.0,0.0,0.0,0.0,0.0,0.0,0.0,0.0,0.6,0.6,0.24354624854481957,0.6802149998816683,0.5925925925925926,0.0,0.0
122,yrfi,2024-02-23,2025-07-27,2025-07-28,2025-08-03,2025-08-04,2025-08-04,4952,93,13,0.5,0.5,0.0,0.55,0.06,0.0,0.0,0.0,0.0,1,0.02,0.08,0.0,0,fallback_default,global_lr,none,0.0,0.46236559139784944,0.0,0.0,0.0,0.0,fallback_default,0.0,0.0,0,0.0,0.0,0.0,0,0.0,0.0,0.0,0.0,0.0,0.0,0.0,0,0.0,0.0,0.0,0.0,0.0,0.0,0.0,0,0.0,0.5,0.0,0.0,0.5,0,0.0,0.0,0.0,0.0,0.0,0.0,0.0,0.0,0.0,0.3076923076923077,0.3076923076923077,0.26528784393464144,0.7237791424734343,0.4444444444444444,0.0,0.0
123,yrfi,2024-02-23,2025-07-30,2025-07-31,2025-08-06,2025-08-07,2025-08-07,4998,90,4,0.5,0.5,0.0,0.55,0.06,0.0,0.0,0.0,0.0,1,0.02,0.08,0.0,0,fallback_default,global_lr,none,0.0,0.5444444444444444,0.0,0.0,0.0,0.0,fallback_default,0.0,0.0,0,0.0,0.0,0.0,0,0.0,0.0,0.0,0.0,0.0,0.0,0.0,0,0.0,0.0,0.0,0.0,0.0,0.0,0.0,0,0.0,0.5,0.0,0.0,0.5,0,0.0,0.0,0.0,0.0,0.0,0.0,0.0,0.0,0.0,0.5,0.5,0.250747824434038,0.6946421137984802,1.0,0.0,0.0
124,yrfi,2024-02-23,2025-08-02,2025-08-03,2025-08-09,2025-08-10,2025-08-10,5031,92,15,0.2,0.8,0.0,0.58,0.06,0.6,0.8695652173913043,0.6153846153846154,0.5652173913043478,0,0.0,0.08,0.0,0,publish_quality,global_lr,none,0.0,0.5869565217391305,0.0,0.5869565217391305,0.24231944262982907,0.6777020106334761,accuracy_cov,0.0,0.0,0,0.0,0.0,0.0,0,0.0,0.0,0.0,0.0,0.0,0.0016086956521739132,0.40217391304347827,0,0.0,0.0,0.0,0.0,0.0,0.0,0.0,0,0.0,0.5,0.0,0.5869565217391305,0.5,0,0.0,0.0,0.0,0.0,0.0,0.0,0.0,0.0,0.0,0.6,0.6,0.2403426672145343,0.6737165366957142,0.48148148148148145,0.7142857142857143,0.4666666666666667
125,yrfi,2024-02-23,2025-08-05,2025-08-06,2025-08-12,2025-08-13,2025-08-13,5073,91,15,0.2,0.8,0.0,0.55,0.06,0.5934065934065934,1.0,0.5934065934065934,1.0,0,0.0,0.08,0.0,0,publish_quality,global_lr,none,0.0,0.5934065934065934,0.0,0.5934065934065934,0.24130595023459098,0.6756581857430016,accuracy_cov,0.0,0.0,0,0.0,0.0,0.0,0,0.0,0.0,0.0,0.0,0.0,0.0016263736263736265,0.4065934065934066,0,0.0,0.0,0.0,0.0,0.0,0.0,0.0,0,0.0,0.5,0.0,0.5934065934065934,0.5,0,0.0,0.0,0.0,0.0,0.0,0.0,0.0,0.0,0.0,0.4666666666666667,0.4666666666666667,0.2635268234026569,0.7205638864261631,0.7678571428571428,0.4666666666666667,1.0
126,yrfi,2024-02-23,2025-08-08,2025-08-09,2025-08-15,2025-08-16,2025-08-16,5107,94,15,0.2,0.8,0.0,0.55,0.06,0.5571428571428572,0.7446808510638298,0.5609756097560976,0.43617021276595747,0,0.0,0.08,0.0,0,publish_quality,global_lr,none,0.0,0.5531914893617021,0.0,0.5531914893617021,0.247179806176628,0.6874962625556991,accuracy_cov,0.0,0.0,0,0.0,0.0,0.0,0,0.0,0.0,0.0,0.0,0.0,0.0016170212765957447,0.40425531914893614,0,0.0,0.0,0.0,0.0,0.0,0.0,0.0,0,0.0,0.5,0.0,0.5531914893617021,0.5,0,0.0,0.0,0.0,0.0,0.0,0.0,0.0,0.0,0.0,0.4666666666666667,0.4666666666666667,0.25587647118929624,0.7049485224312133,0.375,0.25,0.26666666666666666
127,yrfi,2024-02-23,2025-08-11,2025-08-12,2025-08-18,2025-08-19,2025-08-19,5149,94,16,0.35,0.65,0.0,0.55,0.06,0.574468085106383,0.5,0.8181818181818182,0.11702127659574468,0,0.0,0.08,0.0,0,publish_quality,global_lr,none,0.0,0.44680851063829785,0.0,0.5531914893617021,0.24714983603628976,0.6874357306253274,accuracy_cov,0.0,0.0,0,0.0,0.0,0.0,0,0.0,0.0,0.0,0.0,0.0,0.008063829787234045,0.6702127659574468,0,0.0,0.0,0.0,0.0,0.0,0.0,0.0,0,0.0,0.5,0.0,0.5531914893617021,0.5,0,0.0,0.0,0.0,0.0,0.0,0.0,0.0,0.0,0.0,0.3125,0.3125,0.27146924180854237,0.7362408221024983,0.45454545454545453,0.3333333333333333,0.1875
128,yrfi,2024-02-23,2025-08-14,2025-08-15,2025-08-21,2025-08-22,2025-08-22,5186,96,15,0.5,0.5,0.0,0.55,0.06,0.0,0.0,0.0,0.0,1,0.02,0.08,0.0,0,fallback_default,global_lr,none,0.0,0.4791666666666667,0.0,0.0,0.0,0.0,fallback_default,0.0,0.0,0,0.0,0.0,0.0,0,0.0,0.0,0.0,0.0,0.0,0.0,0.0,0,0.0,0.0,0.0,0.0,0.0,0.0,0.0,0,0.0,0.5,0.0,0.0,0.5,0,0.0,0.0,0.0,0.0,0.0,0.0,0.0,0.0,0.0,0.4,0.4,0.25438065107130703,0.7019133419816537,0.35185185185185186,0.0,0.0
129,yrfi,2024-02-23,2025-08-17,2025-08-18,2025-08-24,2025-08-25,2025-08-25,5231,95,13,0.5,0.5,0.0,0.55,0.06,0.0,0.0,0.0,0.0,1,0.02,0.08,0.0,0,fallback_default,global_lr,none,0.0,0.45263157894736844,0.0,0.0,0.0,0.0,fallback_default,0.0,0.0,0,0.0,0.0,0.0,0,0.0,0.0,0.0,0.0,0.0,0.0,0.0,0,0.0,0.0,0.0,0.0,0.0,0.0,0.0,0,0.0,0.5,0.0,0.0,0.5,0,0.0,0.0,0.0,0.0,0.0,0.0,0.0,0.0,0.0,0.38461538461538464,0.38461538461538464,0.2620890535957011,0.7173931003831417,0.44999999999999996,0.0,0.0
130,yrfi,2024-02-23,2025-08-20,2025-08-21,2025-08-27,2025-08-28,2025-08-28,5273,96,8,0.5,0.5,0.0,0.55,0.06,0.0,0.0,0.0,0.0,1,0.02,0.08,0.0,0,fallback_default,global_lr,none,0.0,0.4791666666666667,0.0,0.0,0.0,0.0,fallback_default,0.0,0.0,0,0.0,0.0,0.0,0,0.0,0.0,0.0,0.0,0.0,0.0,0.0,0,0.0,0.0,0.0,0.0,0.0,0.0,0.0,0,0.0,0.5,0.0,0.0,0.5,0,0.0,0.0,0.0,0.0,0.0,0.0,0.0,0.0,0.0,0.0,0.0,0.0,0.7329978176544262,0.5,0.0,0.0
131,yrfi,2024-02-23,2025-08-23,2025-08-24,2025-08-30,2025-08-31,2025-08-31,5311,96,15,0.5,0.5,0.0,0.55,0.06,0.0,0.0,0.0,0.0,1,0.02,0.08,0.0,0,fallback_default,global_lr,none,0.0,0.5416666666666666,0.0,0.0,0.0,0.0,fallback_default,0.0,0.0,0,0.0,0.0,0.0,0,0.0,0.0,0.0,0.0,0.0,0.0,0.0,0,0.0,0.0,0.0,0.0,0.0,0.0,0.0,0,0.0,0.5,0.0,0.0,0.5,0,0.0,0.0,0.0,0.0,0.0,0.0,0.0,0.0,0.0,0.4666666666666667,0.4666666666666667,0.25482962957255645,0.7028360179933782,0.3214285714285714,0.0,0.0
132,yrfi,2024-02-23,2025-08-26,2025-08-27,2025-09-02,2025-09-03,2025-09-03,5354,95,15,0.5,0.5,0.0,0.55,0.06,0.0,0.0,0.0,0.0,1,0.02,0.08,0.0,0,fallback_default,global_lr,none,0.0,0.5157894736842106,0.0,0.0,0.0,0.0,fallback_default,0.0,0.0,0,0.0,0.0,0.0,0,0.0,0.0,0.0,0.0,0.0,0.0,0.0,0,0.0,0.0,0.0,0.0,0.0,0.0,0.0,0,0.0,0.5,0.0,0.0,0.5,0,0.0,0.0,0.0,0.0,0.0,0.0,0.0,0.0,0.0,0.5333333333333333,0.5333333333333333,0.24924659396198684,0.6916400091889727,0.25,0.0,0.0
133,yrfi,2024-02-23,2025-08-29,2025-08-30,2025-09-05,2025-09-06,2025-09-06,5392,93,15,0.5,0.5,0.0,0.55,0.06,0.0,0.0,0.0,0.0,1,0.02,0.08,0.0,0,fallback_default,global_lr,none,0.0,0.4946236559139785,0.0,0.0,0.0,0.0,fallback_default,0.0,0.0,0,0.0,0.0,0.0,0,0.0,0.0,0.0,0.0,0.0,0.0,0.0,0,0.0,0.0,0.0,0.0,0.0,0.0,0.0,0,0.0,0.5,0.0,0.0,0.5,0,0.0,0.0,0.0,0.0,0.0,0.0,0.0,0.0,0.0,0.6,0.6,0.2493336203057876,0.6918144020187094,0.35185185185185186,0.0,0.0
134,yrfi,2024-02-23,2025-09-01,2025-09-02,2025-09-08,2025-09-09,2025-09-09,5435,91,15,0.5,0.5,0.0,0.55,0.06,0.0,0.0,0.0,0.0,1,0.02,0.08,0.0,0,fallback_default,global_lr,none,0.0,0.4945054945054945,0.0,0.0,0.0,0.0,fallback_default,0.0,0.0,0,0.0,0.0,0.0,0,0.0,0.0,0.0,0.0,0.0,0.0,0.0,0,0.0,0.0,0.0,0.0,0.0,0.0,0.0,0,0.0,0.5,0.0,0.0,0.5,0,0.0,0.0,0.0,0.0,0.0,0.0,0.0,0.0,0.0,0.2,0.2,0.2535470785089759,0.7002417366574422,0.30555555555555564,0.0,0.0
135,yrfi,2024-02-23,2025-09-04,2025-09-05,2025-09-11,2025-09-12,2025-09-12,5470,95,15,0.35,0.65,0.0,0.56,0.06,0.574468085106383,0.9894736842105263,0.5897435897435898,0.8210526315789474,0,0.0,0.08,0.0,0,publish_quality,global_lr,none,0.0,0.5684210526315789,0.0,0.5684210526315789,0.24525039722290537,0.683616307374857,accuracy_cov,0.0,0.0,0,0.0,0.0,0.0,0,0.0,0.0,0.0,0.0,0.0,0.0015999999999999999,0.4,0,0.0,0.0,0.0,0.0,0.0,0.0,0.0,0,0.0,0.5,0.0,0.5684210526315789,0.5,0,0.0,0.0,0.0,0.0,0.0,0.0,0.0,0.0,0.0,0.6,0.6,0.24168165878664555,0.6764497490124752,0.38888888888888884,0.6153846153846154,0.8666666666666667
136,yrfi,2024-02-23,2025-09-07,2025-09-08,2025-09-14,2025-09-15,2025-09-15,5515,95,9,0.2,0.8,0.0,0.55,0.06,0.5894736842105263,1.0,0.5894736842105263,1.0,0,0.0,0.08,0.0,0,publish_quality,global_lr,none,0.0,0.5894736842105263,0.0,0.5894736842105263,0.24201676519034124,0.6770955113883145,accuracy_cov,0.0,0.0,0,0.0,0.0,0.0,0,0.0,0.0,0.0,0.0,0.0,0.0016000000000000003,0.4,0,0.0,0.0,0.0,0.0,0.0,0.0,0.0,0,0.0,0.5,0.0,0.5894736842105263,0.5,0,0.0,0.0,0.0,0.0,0.0,0.0,0.0,0.0,0.0,0.5555555555555556,0.5555555555555556,0.24772597480949038,0.6886236659965003,0.5,0.5555555555555556,1.0
137,yrfi,2024-02-23,2025-09-10,2025-09-11,2025-09-17,2025-09-18,2025-09-18,5556,94,10,0.2,0.8,0.0,0.6,0.06,0.6122448979591837,0.5212765957446809,0.7241379310344828,0.30851063829787234,0,0.0,0.08,0.0,0,publish_quality,global_lr,none,0.0,0.6063829787234043,0.0,0.6063829787234043,0.23871229706304667,0.6704004072573899,accuracy_cov,0.0,0.0,0,0.0,0.0,0.0,0,0.0,0.0,0.0,0.0,0.0,0.001617021276595745,0.40425531914893614,0,0.0,0.0,0.0,0.0,0.0,0.0,0.0,0,0.0,0.5,0.0,0.6063829787234043,0.5,0,0.0,0.0,0.0,0.0,0.0,0.0,0.0,0.0,0.0,0.3,0.3,0.2998066916421358,0.7942485627436388,0.7142857142857142,0.6666666666666666,0.3
138,yrfi,2024-02-23,2025-09-13,2025-09-14,2025-09-20,2025-09-21,2025-09-21,5595,96,15,0.8,0.2,0.0,0.58,0.06,0.6842105263157895,0.19791666666666666,0.7272727272727273,0.11458333333333333,0,0.0,0.08,0.0,0,publish_quality,global_lr,none,0.0,0.5833333333333334,0.0,0.5833333333333334,0.24288441997525798,0.6788424073698774,accuracy_cov,0.0,0.0,0,0.0,0.0,0.0,0,0.0,0.0,0.0,0.0,0.0,0.0016250000000000004,0.40625,0,0.0,0.0,0.0,0.0,0.0,0.0,0.0,0,0.0,0.5,0.0,0.5833333333333334,0.5,0,0.0,0.0,0.0,0.0,0.0,0.0,0.0,0.0,0.0,0.3333333333333333,0.3333333333333333,0.2825173095911298,0.7587837339710451,0.4800000000000001,0.0,0.06666666666666667
139,yrfi,2024-02-23,2025-09-16,2025-09-17,2025-09-23,2025-09-24,2025-09-24,5635,89,15,0.5,0.5,0.0,0.55,0.06,0.0,0.0,0.0,0.0,1,0.02,0.08,0.0,0,fallback_default,global_lr,none,0.0,0.550561797752809,0.0,0.0,0.0,0.0,fallback_default,0.0,0.0,0,0.0,0.0,0.0,0,0.0,0.0,0.0,0.0,0.0,0.0,0.0,0,0.0,0.0,0.0,0.0,0.0,0.0,0.0,0,0.0,0.5,0.0,0.0,0.5,0,0.0,0.0,0.0,0.0,0.0,0.0,0.0,0.0,0.0,0.4,0.4,0.26168102300725926,0.716585841226,0.6666666666666667,0.0,0.0
140,yrfi,2024-02-23,2025-09-19,2025-09-20,2025-09-26,2025-09-27,2025-09-27,5675,91,15,0.5,0.5,0.0,0.55,0.06,0.0,0.0,0.0,0.0,1,0.02,0.08,0.0,0,fallback_default,global_lr,none,0.0,0.5274725274725275,0.0,0.0,0.0,0.0,fallback_default,0.0,0.0,0,0.0,0.0,0.0,0,0.0,0.0,0.0,0.0,0.0,0.0,0.0,0,0.0,0.0,0.0,0.0,0.0,0.0,0.0,0,0.0,0.5,0.0,0.0,0.5,0,0.0,0.0,0.0,0.0,0.0,0.0,0.0,0.0,0.0,0.5333333333333333,0.5333333333333333,0.24857910305619454,0.6903016539605691,0.5714285714285715,0.0,0.0
141,yrfi,2024-02-23,2025-09-22,2025-09-23,2025-09-30,2025-10-01,2025-10-01,5709,91,4,0.2,0.8,0.0,0.55,0.06,0.5666666666666667,0.989010989010989,0.5617977528089888,0.978021978021978,0,0.0,0.08,0.0,0,publish_quality,global_lr,none,0.0,0.5604395604395604,0.0,0.5604395604395604,0.2462115802692269,0.6855488894124826,accuracy_cov,0.0,0.0,0,0.0,0.0,0.0,0,0.0,0.0,0.0,0.0,0.0,0.0016263736263736263,0.4065934065934066,0,0.0,0.0,0.0,0.0,0.0,0.0,0.0,0,0.0,0.5,0.0,0.5604395604395604,0.5,0,0.0,0.0,0.0,0.0,0.0,0.0,0.0,0.0,0.0,1.0,1.0,0.0,0.5878634417608133,0.5,1.0,0.75
142,yrfi,2024-02-23,2025-09-25,2025-09-26,2025-10-04,2025-10-05,2025-10-05,5751,60,2,0.35,0.65,0.0,0.59,0.06,0.6111111111111112,0.9,0.6744186046511628,0.7166666666666667,0,0.0,0.08,0.0,0,publish_quality,global_lr,none,0.0,0.6,0.0,0.6,0.239183094869657,0.6713198431827797,accuracy_cov,0.0,0.0,0,0.0,0.0,0.0,0,0.0,0.0,0.0,0.0,0.0,0.0016,0.4,0,0.0,0.0,0.0,0.0,0.0,0.0,0.0,0,0.0,0.5,0.0,0.6,0.5,0,0.0,0.0,0.0,0.0,0.0,0.0,0.0,0.0,0.0,0.0,0.0,0.0,0.9036012331163868,0.5,0.0,1.0
151,yrfi,2024-02-23,2025-10-29,2025-10-31,2026-02-24,2026-02-25,2026-02-25,5841,69,15,0.5,0.5,0.0,0.55,0.06,0.0,0.0,0.0,0.0,1,0.02,0.08,0.0,0,fallback_default,global_lr,none,0.0,0.4782608695652174,0.0,0.0,0.0,0.0,fallback_default,0.0,0.0,0,0.0,0.0,0.0,0,0.0,0.0,0.0,0.0,0.0,0.0,0.0,0,0.0,0.0,0.0,0.0,0.0,0.0,0.0,0,0.0,0.5,0.0,0.0,0.5,0,0.0,0.0,0.0,0.0,0.0,0.0,0.0,0.0,0.0,0.6,0.6,0.24626338180139185,0.685669861588348,0.5925925925925926,0.0,0.0
152,yrfi,2024-02-23,2026-02-20,2026-02-21,2026-02-27,2026-02-28,2026-02-28,5848,109,16,0.5,0.5,0.0,0.55,0.06,0.0,0.0,0.0,0.0,1,0.02,0.08,0.0,0,fallback_default,global_lr,none,0.0,0.5321100917431193,0.0,0.0,0.0,0.0,fallback_default,0.0,0.0,0,0.0,0.0,0.0,0,0.0,0.0,0.0,0.0,0.0,0.0,0.0,0,0.0,0.0,0.0,0.0,0.0,0.0,0.0,0,0.0,0.5,0.0,0.0,0.5,0,0.0,0.0,0.0,0.0,0.0,0.0,0.0,0.0,0.0,0.375,0.375,0.25838438821282816,0.709937244992816,0.43333333333333335,0.0,0.0
153,yrfi,2024-02-23,2026-02-23,2026-02-24,2026-03-02,2026-03-03,2026-03-03,5894,106,5,0.5,0.5,0.0,0.55,0.06,0.0,0.0,0.0,0.0,1,0.02,0.08,0.0,0,fallback_default,global_lr,none,0.0,0.5377358490566038,0.0,0.0,0.0,0.0,fallback_default,0.0,0.0,0,0.0,0.0,0.0,0,0.0,0.0,0.0,0.0,0.0,0.0,0.0,0,0.0,0.0,0.0,0.0,0.0,0.0,0.0,0,0.0,0.5,0.0,0.0,0.5,0,0.0,0.0,0.0,0.0,0.0,0.0,0.0,0.0,0.0,0.8,0.8,0.22805812602607806,0.6491777460517809,1.0,0.0,0.0
154,yrfi,2024-02-23,2026-02-26,2026-02-27,2026-03-05,2026-03-06,2026-03-06,5941,83,16,0.5,0.5,0.0,0.55,0.06,0.0,0.0,0.0,0.0,1,0.02,0.08,0.0,0,fallback_default,global_lr,none,0.0,0.4939759036144578,0.0,0.0,0.0,0.0,fallback_default,0.0,0.0,0,0.0,0.0,0.0,0,0.0,0.0,0.0,0.0,0.0,0.0,0.0,0,0.0,0.0,0.0,0.0,0.0,0.0,0.0,0,0.0,0.5,0.0,0.0,0.5,0,0.0,0.0,0.0,0.0,0.0,0.0,0.0,0.0,0.0,0.4375,0.4375,0.2508162101069654,0.6947796717677328,0.47619047619047616,0.0,0.0
155,yrfi,2024-02-23,2026-03-01,2026-03-02,2026-03-08,2026-03-09,2026-03-09,5989,85,14,0.8,0.2,0.0,0.55,0.06,0.5555555555555556,0.5294117647058824,0.5909090909090909,0.25882352941176473,0,0.0,0.08,0.0,0,publish_quality,global_lr,none,0.0,0.4470588235294118,0.0,0.5529411764705883,0.24630581076659083,0.6857308938603094,accuracy_cov,0.0,0.0,0,0.0,0.0,0.0,0,0.0,0.0,0.0,0.0,0.0,0.00823529411764706,0.5764705882352941,0,0.0,0.0,0.0,0.0,0.0,0.0,0.0,0,0.0,0.5,0.0,0.5529411764705883,0.5,0,0.0,0.0,0.0,0.0,0.0,0.0,0.0,0.0,0.0,0.7142857142857143,0.7142857142857143,0.2313645137178179,0.655761829949567,0.55,1.0,0.14285714285714285
156,yrfi,2024-02-23,2026-03-04,2026-03-05,2026-03-11,2026-03-12,2026-03-12,6010,104,13,0.65,0.35,0.0,0.56,0.06,0.8461538461538461,0.125,0.75,0.038461538461538464,0,0.0,0.08,0.0,0,publish_quality,global_lr,none,0.0,0.4423076923076923,0.0,0.5576923076923077,0.24508721783320025,0.6832694860289238,accuracy_cov,0.0,0.0,0,0.0,0.0,0.0,0,0.0,0.0,0.0,0.0,0.0,0.007730769230769231,0.5673076923076923,0,0.0,0.0,0.0,0.0,0.0,0.0,0.0,0,0.0,0.5,0.0,0.5576923076923077,0.5,0,0.0,0.0,0.0,0.0,0.0,0.0,0.0,0.0,0.0,0.23076923076923078,0.23076923076923078,0.28105832344307474,0.7555126830678075,0.6333333333333333,0.0,0.0
157,yrfi,2024-02-23,2026-03-07,2026-03-08,2026-03-14,2026-03-15,2026-03-15,6057,104,15,0.5,0.5,0.0,0.55,0.06,0.0,0.0,0.0,0.0,1,0.02,0.08,0.0,0,fallback_default,global_lr,none,0.0,0.5,0.0,0.0,0.0,0.0,fallback_default,0.0,0.0,0,0.0,0.0,0.0,0,0.0,0.0,0.0,0.0,0.0,0.0,0.0,0,0.0,0.0,0.0,0.0,0.0,0.0,0.0,0,0.0,0.5,0.0,0.0,0.5,0,0.0,0.0,0.0,0.0,0.0,0.0,0.0,0.0,0.0,0.7333333333333333,0.7333333333333333,0.24896255096434922,0.6910722771187172,0.75,0.0,0.0
158,yrfi,2024-02-23,2026-03-10,2026-03-11,2026-03-17,2026-03-18,2026-03-18,6102,98,12,0.5,0.5,0.0,0.55,0.06,0.0,0.0,0.0,0.0,1,0.02,0.08,0.0,0,fallback_default,global_lr,none,0.0,0.5102040816326531,0.0,0.0,0.0,0.0,fallback_default,0.0,0.0,0,0.0,0.0,0.0,0,0.0,0.0,0.0,0.0,0.0,0.0,0.0,0,0.0,0.0,0.0,0.0,0.0,0.0,0.0,0,0.0,0.5,0.0,0.0,0.5,0,0.0,0.0,0.0,0.0,0.0,0.0,0.0,0.0,0.0,0.5833333333333334,0.5833333333333334,0.24809692638610123,0.689340157477945,0.48571428571428577,0.0,0.0
159,yrfi,2024-02-23,2026-03-13,2026-03-14,2026-03-20,2026-03-21,2026-03-21,6144,99,15,0.5,0.5,0.0,0.55,0.06,0.0,0.0,0.0,0.0,1,0.02,0.08,0.0,0,fallback_default,global_lr,none,0.0,0.494949494949495,0.0,0.0,0.0,0.0,fallback_default,0.0,0.0,0,0.0,0.0,0.0,0,0.0,0.0,0.0,0.0,0.0,0.0,0.0,0,0.0,0.0,0.0,0.0,0.0,0.0,0.0,0,0.0,0.5,0.0,0.0,0.5,0,0.0,0.0,0.0,0.0,0.0,0.0,0.0,0.0,0.0,0.7333333333333333,0.7333333333333333,0.24781102983246997,0.6887689785775225,0.47727272727272724,0.0,0.0
160,yrfi,2024-02-23,2026-03-16,2026-03-17,2026-03-23,2026-03-24,2026-03-24,6187,96,8,0.35,0.65,0.0,0.55,0.06,0.625,0.25,0.625,0.08333333333333333,0,0.0,0.08,0.0,0,publish_quality,global_lr,none,0.0,0.4479166666666667,0.0,0.5520833333333334,0.2471811240764179,0.687497619130179,accuracy_cov,0.0,0.0,0,0.0,0.0,0.0,0,0.0,0.0,0.0,0.0,0.0,0.0068125,0.5729166666666666,0,0.0,0.0,0.0,0.0,0.0,0.0,0.0,0,0.0,0.5,0.0,0.5520833333333334,0.5,0,0.0,0.0,0.0,0.0,0.0,0.0,0.0,0.0,0.0,0.375,0.375,0.26430565911693266,0.7218537501426938,0.6000000000000001,1.0,0.125
161,yrfi,2024-02-23,2026-03-19,2026-03-20,2026-03-26,2026-03-27,2026-03-27,6226,77,8,0.2,0.8,0.0,0.55,0.06,0.5714285714285714,1.0,0.5671641791044776,0.8701298701298701,0,0.0,0.08,0.0,0,publish_quality,global_lr,none,0.0,0.42857142857142855,0.0,0.5714285714285714,0.24471979241516653,0.6825454293836382,accuracy_cov,0.0,0.0,0,0.0,0.0,0.0,0,0.0,0.0,0.0,0.0,0.0,0.006753246753246753,0.5584415584415584,0,0.0,0.0,0.0,0.0,0.0,0.0,0.0,0,0.0,0.5,0.0,0.5714285714285714,0.5,0,0.0,0.0,0.0,0.0,0.0,0.0,0.0,0.0,0.0,0.625,0.625,0.2381814329840543,0.6694041501361331,0.39999999999999997,0.625,1.0
162,yrfi,2024-02-23,2026-03-22,2026-03-23,2026-03-29,2026-03-30,2026-03-30,6271,67,15,0.2,0.8,0.0,0.56,0.06,0.5757575757575758,0.9850746268656716,0.6129032258064516,0.4626865671641791,0,0.0,0.08,0.0,0,publish_quality,global_lr,none,0.0,0.43283582089552236,0.0,0.5671641791044776,0.24528257360442052,0.6836780458261476,accuracy_cov,0.0,0.0,0,0.0,0.0,0.0,0,0.0,0.0,0.0,0.0,0.0,0.006149253731343284,0.5223880597014925,0,0.0,0.0,0.0,0.0,0.0,0.0,0.0,0,0.0,0.5,0.0,0.5671641791044776,0.5,0,0.0,0.0,0.0,0.0,0.0,0.0,0.0,0.0,0.0,0.4666666666666667,0.4666666666666667,0.2565098370844938,0.7062229227475394,0.875,0.6666666666666666,0.4
163,yrfi,2024-02-23,2026-03-25,2026-03-26,2026-04-01,2026-04-02,2026-04-02,6292,90,3,0.2,0.8,0.0,0.57,0.06,0.6086956521739131,0.7666666666666667,0.6153846153846154,0.43333333333333335,0,0.0,0.08,0.0,0,publish_quality,global_lr,none,0.0,0.4222222222222222,0.0,0.5777777777777777,0.24331069922443993,0.6796909363297183,accuracy_cov,0.0,0.0,0,0.0,0.0,0.0,0,0.0,0.0,0.0,0.0,0.0,0.005666666666666668,0.5111111111111111,0,0.0,0.0,0.0,0.0,0.0,0.0,0.0,0,0.0,0.5,0.0,0.5777777777777777,0.5,0,0.0,0.0,0.0,0.0,0.0,0.0,0.0,0.0,0.0,0.3333333333333333,0.3333333333333333,0.2807377739579853,0.7551389767871388,0.5,0.5,0.6666666666666666
164,yrfi,2024-02-23,2026-03-28,2026-03-29,2026-04-04,2026-04-05,2026-04-05,6326,88,16,0.5,0.5,0.0,0.55,0.06,0.0,0.0,0.0,0.0,1,0.02,0.08,0.0,0,fallback_default,global_lr,none,0.0,0.4772727272727273,0.0,0.0,0.0,0.0,fallback_default,0.0,0.0,0,0.0,0.0,0.0,0,0.0,0.0,0.0,0.0,0.0,0.0,0.0,0,0.0,0.0,0.0,0.0,0.0,0.0,0.0,0,0.0,0.5,0.0,0.0,0.5,0,0.0,0.0,0.0,0.0,0.0,0.0,0.0,0.0,0.0,0.5625,0.5625,0.24803890232553263,0.6892234374202413,0.3650793650793651,0.0,0.0
165,yrfi,2024-02-23,2026-03-31,2026-04-01,2026-04-07,2026-04-08,2026-04-08,6367,91,15,0.5,0.5,0.0,0.55,0.06,0.0,0.0,0.0,0.0,1,0.02,0.08,0.0,0,fallback_default,global_lr,none,0.0,0.46153846153846156,0.0,0.0,0.0,0.0,fallback_default,0.0,0.0,0,0.0,0.0,0.0,0,0.0,0.0,0.0,0.0,0.0,0.0,0.0,0,0.0,0.0,0.0,0.0,0.0,0.0,0.0,0,0.0,0.5,0.0,0.0,0.5,0,0.0,0.0,0.0,0.0,0.0,0.0,0.0,0.0,0.0,0.4666666666666667,0.4666666666666667,0.2536757149464581,0.7005136100408526,0.46428571428571425,0.0,0.0
166,yrfi,2024-02-23,2026-04-03,2026-04-04,2026-04-10,2026-04-11,2026-04-11,6399,95,15,0.2,0.8,0.0,0.55,0.06,0.5578947368421052,1.0,0.5365853658536586,0.43157894736842106,0,0.0,0.08,0.0,0,publish_quality,global_lr,none,0.0,0.4421052631578947,0.0,0.5578947368421052,0.24665923050352112,0.6864508586264977,accuracy_cov,0.0,0.0,0,0.0,0.0,0.0,0,0.0,0.0,0.0,0.0,0.0,0.006989473684210526,0.5684210526315789,0,0.0,0.0,0.0,0.0,0.0,0.0,0.0,0,0.0,0.5,0.0,0.5578947368421052,0.5,0,0.0,0.0,0.0,0.0,0.0,0.0,0.0,0.0,0.0,0.3333333333333333,0.3333333333333333,0.27111947742459563,0.7355662158080213,0.8600000000000001,0.3333333333333333,0.4
