game_id,date,time,season,home_team,away_team,home_score,away_score,home_ht_score,away_ht_score,total_ht_goals,home_corners,away_corners,total_corners,goal_diff,total_goals,is_draw,home_win,away_win,attendance,venue,odds_details,odds_over_under,home_moneyline_odds,away_moneyline_odds,closing_moneyline_odds,closing_spread_odds,closing_total_odds,odds_data_quality,shootout,status_completed,status_state,status_description,status_detail
401876952,2026-10-10,17:00,2026,JUA,TIJ,0,0,,,,0,0,0,0,0,1,0,0,0,Estadio Olímpico Benito Juárez,TIJ +135,2.5,195.0,135.0,135.0,-175.0,-120.0,real,0,0,pre,,
401876955,2026-10-10,17:00,2026,QRO,ATL,0,0,,,,0,0,0,0,0,1,0,0,0,Estadio Corregidora,QRO +115,2.5,115.0,245.0,115.0,105.0,-130.0,real,0,0,pre,,
401876951,2026-10-10,19:00,2026,ATS,GDL,0,0,,,,0,0,0,0,0,1,0,0,0,Estadio Jalisco,GDL +105,2.5,240.0,105.0,105.0,-135.0,-150.0,real,0,0,pre,,
401876950,2026-10-10,21:10,2026,AME,MTY,0,0,,,,0,0,0,0,0,1,0,0,0,Estadio Banorte,AME -115,2.5,-115.0,295.0,-115.0,-120.0,-170.0,real,0,0,pre,,
401876948,2026-10-11,17:00,2026,ASL,SAN,0,0,,,,0,0,0,0,0,1,0,0,0,Estadio Libertad Financiera,ASL -110,2.5,-110.0,260.0,-110.0,-115.0,-165.0,real,0,0,pre,,
401876949,2026-10-11,17:10,2026,PAC,NEC,0,0,,,,0,0,0,0,0,1,0,0,0,Estadio Hidalgo,PAC -145,2.5,-145.0,350.0,-145.0,-160.0,-165.0,real,0,0,pre,,
401876947,2026-10-11,19:15,2026,PUM,CAZ,0,0,,,,0,0,0,0,0,1,0,0,0,Estadio Olímpico Universitario,CAZ +105,2.5,235.0,105.0,105.0,-135.0,-160.0,real,0,0,pre,,
401876946,2026-10-16,19:00,2026,NEC,ATS,0,0,,,,0,0,0,0,0,1,0,0,0,Estadio Victoria,N/A,0.0,,,,,,fallback,0,0,pre,,
401876944,2026-10-16,21:00,2026,TIJ,PUE,0,0,,,,0,0,0,0,0,1,0,0,0,Estadio Caliente,N/A,0.0,,,,,,fallback,0,0,pre,,
401876945,2026-10-16,21:00,2026,ATL,PUM,0,0,,,,0,0,0,0,0,1,0,0,0,Estadio Banorte,N/A,0.0,,,,,,fallback,0,0,pre,,
401876942,2026-10-17,17:00,2026,SAN,QRO,0,0,,,,0,0,0,0,0,1,0,0,0,Estadio Corona,N/A,0.0,,,,,,fallback,0,0,pre,,
401876943,2026-10-17,17:07,2026,GDL,UANL,0,0,,,,0,0,0,0,0,1,0,0,0,Estadio Akron,N/A,0.0,,,,,,fallback,0,0,pre,,
401876940,2026-10-17,19:00,2026,TOL,ASL,0,0,,,,0,0,0,0,0,1,0,0,0,Estadio Nemesio Díez Riega,N/A,0.0,,,,,,fallback,0,0,pre,,
401876941,2026-10-17,19:00,2026,LEO,AME,0,0,,,,0,0,0,0,0,1,0,0,0,Estadio León,N/A,0.0,,,,,,fallback,0,0,pre,,
401876939,2026-10-17,21:00,2026,CAZ,JUA,0,0,,,,0,0,0,0,0,1,0,0,0,Estadio Banorte,N/A,0.0,,,,,,fallback,0,0,pre,,
401876938,2026-10-18,19:00,2026,MTY,PAC,0,0,,,,0,0,0,0,0,1,0,0,0,Estadio BBVA,N/A,0.0,,,,,,fallback,0,0,pre,,
401876934,2026-10-20,18:07,2026,GDL,NEC,0,0,,,,0,0,0,0,0,1,0,0,0,Estadio Akron,N/A,0.0,,,,,,fallback,0,0,pre,,
401876936,2026-10-20,19:00,2026,JUA,ATL,0,0,,,,0,0,0,0,0,1,0,0,0,Estadio Olímpico Benito Juárez,N/A,0.0,,,,,,fallback,0,0,pre,,
401876937,2026-10-20,19:00,2026,ASL,QRO,0,0,,,,0,0,0,0,0,1,0,0,0,Estadio Libertad Financiera,N/A,0.0,,,,,,fallback,0,0,pre,,
401876935,2026-10-20,21:00,2026,UANL,LEO,0,0,,,,0,0,0,0,0,1,0,0,0,Estadio Universitario,N/A,0.0,,,,,,fallback,0,0,pre,,
401876931,2026-10-21,19:00,2026,TOL,TIJ,0,0,,,,0,0,0,0,0,1,0,0,0,Estadio Nemesio Díez Riega,N/A,0.0,,,,,,fallback,0,0,pre,,
401876932,2026-10-21,19:00,2026,ATS,AME,0,0,,,,0,0,0,0,0,1,0,0,0,Estadio Jalisco,N/A,0.0,,,,,,fallback,0,0,pre,,
401876933,2026-10-21,19:00,2026,PUE,MTY,0,0,,,,0,0,0,0,0,1,0,0,0,Estadio Cuauhtémoc,N/A,0.0,,,,,,fallback,0,0,pre,,
401876929,2026-10-21,21:00,2026,SAN,PUM,0,0,,,,0,0,0,0,0,1,0,0,0,Estadio Corona,N/A,0.0,,,,,,fallback,0,0,pre,,
401876930,2026-10-21,21:00,2026,PAC,CAZ,0,0,,,,0,0,0,0,0,1,0,0,0,Estadio Hidalgo,N/A,0.0,,,,,,fallback,0,0,pre,,
401876928,2026-10-23,19:00,2026,NEC,JUA,0,0,,,,0,0,0,0,0,1,0,0,0,Estadio Victoria,N/A,0.0,,,,,,fallback,0,0,pre,,
401876927,2026-10-23,21:00,2026,ATL,ASL,0,0,,,,0,0,0,0,0,1,0,0,0,Estadio Banorte,N/A,0.0,,,,,,fallback,0,0,pre,,
401876926,2026-10-24,17:00,2026,LEO,TOL,0,0,,,,0,0,0,0,0,1,0,0,0,Estadio León,N/A,0.0,,,,,,fallback,0,0,pre,,
401876925,2026-10-24,18:00,2026,MTY,GDL,0,0,,,,0,0,0,0,0,1,0,0,0,Estadio BBVA,N/A,0.0,,,,,,fallback,0,0,pre,,
401876924,2026-10-24,21:00,2026,PUM,UANL,0,0,,,,0,0,0,0,0,1,0,0,0,Estadio Olímpico Universitario,N/A,0.0,,,,,,fallback,0,0,pre,,
