game_id,competition_id,date,time,season,home_team,away_team,home_starting_pitcher,away_starting_pitcher,home_starting_pitcher_id,away_starting_pitcher_id,pitcher_source,pitcher_data_available,home_runs_total,away_runs_total,home_r1,away_r1,home_r2,away_r2,home_r3,away_r3,home_r4,away_r4,home_r5,away_r5,home_runs_f5,away_runs_f5,attendance,venue_name,venue_id,venue_city,venue_state,venue_indoor,home_plate_umpire,weather_temp,weather_wind,weather_humidity,weather_condition,odds_details,odds_over_under,home_moneyline_odds,away_moneyline_odds,closing_moneyline_odds,closing_spread_odds,closing_total_odds,odds_data_quality,home_is_favorite,home_hits,away_hits,home_walks,away_walks,home_player_hits,away_player_hits,home_player_walks,away_player_walks,home_player_total_bases,away_player_total_bases,home_player_strikeouts,away_player_strikeouts,home_player_at_bats,away_player_at_bats,home_player_obp_proxy,away_player_obp_proxy,home_player_slg_proxy,away_player_slg_proxy,home_player_k_rate,away_player_k_rate,home_top4_hits_share,away_top4_hits_share,status_completed,status_state,status_description,status_detail
401907993,401907993,2026-10-08,19:00,2026,CHW,CLE,Hagen Smith,Parker Messick,5023126,4619898,competitor_probables,1.0,0.0,0.0,0.0,0.0,0.0,0.0,0.0,0.0,0.0,0.0,0.0,0.0,0.0,0.0,0.0,Rate Field,4,Chicago,Illinois,0.0,,,,,,CLE -120,7.0,100.0,-120.0,-120.0,-174.0,-125.0,real,0.0,0.0,0.0,,,,,,,,,,,,,,,,,,,,,0.0,pre,Scheduled,Scheduled
401907994,401907994,2026-10-10,19:00,2026,CLE,CHW,,,,,,0.0,0.0,0.0,0.0,0.0,0.0,0.0,0.0,0.0,0.0,0.0,0.0,0.0,0.0,0.0,0.0,Progressive Field,5,Cleveland,Ohio,0.0,,,,,,N/A,0.0,,,,,,fallback,-1.0,0.0,0.0,,,,,,,,,,,,,,,,,,,,,0.0,pre,Scheduled,Scheduled
401908030,401908030,2026-10-10,23:00,2026,MIL,LAD,,,,,,0.0,0.0,0.0,0.0,0.0,0.0,0.0,0.0,0.0,0.0,0.0,0.0,0.0,0.0,0.0,0.0,American Family Field,4242,Milwaukee,Wisconsin,1.0,,,,,,MIL -113,6.5,-113.0,-106.0,-113.0,185.0,-104.0,real,1.0,0.0,0.0,,,,,,,,,,,,,,,,,,,,,0.0,pre,Scheduled,Scheduled
401908023,401908023,2026-10-11,23:00,2026,TB,CLE/CHW,,,,,,0.0,0.0,0.0,0.0,0.0,0.0,0.0,0.0,0.0,0.0,0.0,0.0,0.0,0.0,0.0,0.0,Tropicana Field,31,St. Petersburg,Florida,1.0,,,,,,N/A,0.0,,,,,,fallback,-1.0,0.0,0.0,,,,,,,,,,,,,,,,,,,,,0.0,pre,Scheduled,Scheduled
401908031,401908031,2026-10-11,23:00,2026,MIL,LAD,,,,,,0.0,0.0,0.0,0.0,0.0,0.0,0.0,0.0,0.0,0.0,0.0,0.0,0.0,0.0,0.0,0.0,American Family Field,4242,Milwaukee,Wisconsin,1.0,,,,,,N/A,0.0,,,,,,fallback,-1.0,0.0,0.0,,,,,,,,,,,,,,,,,,,,,0.0,pre,Scheduled,Scheduled
401908024,401908024,2026-10-12,23:00,2026,TB,CLE/CHW,,,,,,0.0,0.0,0.0,0.0,0.0,0.0,0.0,0.0,0.0,0.0,0.0,0.0,0.0,0.0,0.0,0.0,Tropicana Field,31,St. Petersburg,Florida,1.0,,,,,,N/A,0.0,,,,,,fallback,-1.0,0.0,0.0,,,,,,,,,,,,,,,,,,,,,0.0,pre,Scheduled,Scheduled
401908032,401908032,2026-10-13,23:00,2026,LAD,MIL,,,,,,0.0,0.0,0.0,0.0,0.0,0.0,0.0,0.0,0.0,0.0,0.0,0.0,0.0,0.0,0.0,0.0,Dodger Stadium,19,Los Angeles,California,0.0,,,,,,N/A,0.0,,,,,,fallback,-1.0,0.0,0.0,,,,,,,,,,,,,,,,,,,,,0.0,pre,Scheduled,Scheduled
401908025,401908025,2026-10-14,23:00,2026,CLE/CHW,TB,,,,,,0.0,0.0,0.0,0.0,0.0,0.0,0.0,0.0,0.0,0.0,0.0,0.0,0.0,0.0,0.0,0.0,,,,,,,,,,,N/A,0.0,,,,,,fallback,-1.0,0.0,0.0,,,,,,,,,,,,,,,,,,,,,0.0,pre,Scheduled,Scheduled
401908033,401908033,2026-10-14,23:00,2026,LAD,MIL,,,,,,0.0,0.0,0.0,0.0,0.0,0.0,0.0,0.0,0.0,0.0,0.0,0.0,0.0,0.0,0.0,0.0,Dodger Stadium,19,Los Angeles,California,0.0,,,,,,N/A,0.0,,,,,,fallback,-1.0,0.0,0.0,,,,,,,,,,,,,,,,,,,,,0.0,pre,Scheduled,Scheduled
401908026,401908026,2026-10-15,23:00,2026,CLE/CHW,TB,,,,,,0.0,0.0,0.0,0.0,0.0,0.0,0.0,0.0,0.0,0.0,0.0,0.0,0.0,0.0,0.0,0.0,,,,,,,,,,,N/A,0.0,,,,,,fallback,-1.0,0.0,0.0,,,,,,,,,,,,,,,,,,,,,0.0,pre,Scheduled,Scheduled
401908034,401908034,2026-10-15,23:00,2026,LAD,MIL,,,,,,0.0,0.0,0.0,0.0,0.0,0.0,0.0,0.0,0.0,0.0,0.0,0.0,0.0,0.0,0.0,0.0,Dodger Stadium,19,Los Angeles,California,0.0,,,,,,N/A,0.0,,,,,,fallback,-1.0,0.0,0.0,,,,,,,,,,,,,,,,,,,,,0.0,pre,Scheduled,Scheduled
401908027,401908027,2026-10-16,23:00,2026,CLE/CHW,TB,,,,,,0.0,0.0,0.0,0.0,0.0,0.0,0.0,0.0,0.0,0.0,0.0,0.0,0.0,0.0,0.0,0.0,,,,,,,,,,,N/A,0.0,,,,,,fallback,-1.0,0.0,0.0,,,,,,,,,,,,,,,,,,,,,0.0,pre,Scheduled,Scheduled
401908035,401908035,2026-10-17,23:00,2026,MIL,LAD,,,,,,0.0,0.0,0.0,0.0,0.0,0.0,0.0,0.0,0.0,0.0,0.0,0.0,0.0,0.0,0.0,0.0,American Family Field,4242,Milwaukee,Wisconsin,1.0,,,,,,N/A,0.0,,,,,,fallback,-1.0,0.0,0.0,,,,,,,,,,,,,,,,,,,,,0.0,pre,Scheduled,Scheduled
401908028,401908028,2026-10-18,23:00,2026,TB,CLE/CHW,,,,,,0.0,0.0,0.0,0.0,0.0,0.0,0.0,0.0,0.0,0.0,0.0,0.0,0.0,0.0,0.0,0.0,Tropicana Field,31,St. Petersburg,Florida,1.0,,,,,,N/A,0.0,,,,,,fallback,-1.0,0.0,0.0,,,,,,,,,,,,,,,,,,,,,0.0,pre,Scheduled,Scheduled
401908036,401908036,2026-10-18,23:00,2026,MIL,LAD,,,,,,0.0,0.0,0.0,0.0,0.0,0.0,0.0,0.0,0.0,0.0,0.0,0.0,0.0,0.0,0.0,0.0,American Family Field,4242,Milwaukee,Wisconsin,1.0,,,,,,N/A,0.0,,,,,,fallback,-1.0,0.0,0.0,,,,,,,,,,,,,,,,,,,,,0.0,pre,Scheduled,Scheduled
401908029,401908029,2026-10-19,23:00,2026,TB,CLE/CHW,,,,,,0.0,0.0,0.0,0.0,0.0,0.0,0.0,0.0,0.0,0.0,0.0,0.0,0.0,0.0,0.0,0.0,Tropicana Field,31,St. Petersburg,Florida,1.0,,,,,,N/A,0.0,,,,,,fallback,-1.0,0.0,0.0,,,,,,,,,,,,,,,,,,,,,0.0,pre,Scheduled,Scheduled
,,,,,,,,,,,,,,,,,,,,,,,,,,,,,,,,,,,,,,,,,,,,,,,,,,,,,,,,,,,,,,,,,,,,,,,,
