game_id,date,time,season,home_team,away_team,home_score,away_score,home_corners,away_corners,total_corners,goal_diff,total_goals,is_draw,home_win,away_win,attendance,venue,odds_details,odds_over_under,home_moneyline_odds,away_moneyline_odds,closing_moneyline_odds,closing_spread_odds,closing_total_odds,odds_data_quality,shootout,status_completed,status_state,status_description,status_detail
401882849,2026-10-10,06:00,2026,RAY,ATH,0,0,0,0,0,0,0,1,0,0,0,Estadio de Vallecas,ATH +140,2.5,205.0,140.0,140.0,-185.0,110.0,real,0,0,in,,
401882856,2026-10-10,08:15,2026,ALA,ATM,0,0,0,0,0,0,0,1,0,0,0,Mendizorrotza,ATM -125,2.5,350.0,-125.0,-125.0,100.0,-115.0,real,0,0,pre,,
401882853,2026-10-10,10:30,2026,BAR,GET,0,0,0,0,0,0,0,1,0,0,0,Spotify Camp Nou,BAR -1000,3.5,-1000.0,2000.0,-1000.0,-135.0,-145.0,real,0,0,pre,,
401882848,2026-10-10,13:00,2026,RMA,VIL,0,0,0,0,0,0,0,1,0,0,0,Santiago Bernabéu,RMA -275,3.5,-275.0,600.0,-275.0,-120.0,-145.0,real,0,0,pre,,
401882854,2026-10-11,06:00,2026,ELC,CEL,0,0,0,0,0,0,0,1,0,0,0,Estadio Martínez Valero,CEL +160,2.5,180.0,160.0,160.0,-205.0,100.0,real,0,0,pre,,
401882847,2026-10-11,08:15,2026,RSO,DEP,0,0,0,0,0,0,0,1,0,0,0,Reale Arena,RSO -165,2.5,-165.0,450.0,-165.0,-185.0,-135.0,real,0,0,pre,,
401882855,2026-10-11,10:30,2026,BET,OSA,0,0,0,0,0,0,0,1,0,0,0,Estadio La Cartuja,BET -195,2.5,-195.0,500.0,-195.0,140.0,-135.0,real,0,0,pre,,
401882850,2026-10-11,13:00,2026,RAC,VAL,0,0,0,0,0,0,0,1,0,0,0,El Sardineros,RAC +130,2.5,130.0,200.0,130.0,120.0,-150.0,real,0,0,pre,,
401882852,2026-10-12,13:00,2026,LEV,SEV,0,0,0,0,0,0,0,1,0,0,0,Estadi Ciutat de València,SEV +165,2.5,175.0,165.0,165.0,-205.0,105.0,real,0,0,pre,,
401882844,2026-10-16,13:00,2026,DEP,LEV,0,0,0,0,0,0,0,1,0,0,0,Riazor,DEP +110,2.5,110.0,245.0,110.0,-105.0,-115.0,real,0,0,pre,,
401882843,2026-10-17,06:00,2026,ESP,ATM,0,0,0,0,0,0,0,1,0,0,0,RCDE Stadium,ATM -125,2.5,320.0,-125.0,-125.0,-105.0,-130.0,real,0,0,pre,,
401882837,2026-10-17,08:15,2026,VIL,ELC,0,0,0,0,0,0,0,1,0,0,0,Estadio de la Cerámica,VIL -215,3.5,-215.0,500.0,-215.0,110.0,115.0,real,0,0,pre,,
401882846,2026-10-17,10:30,2026,BET,BAR,0,0,0,0,0,0,0,1,0,0,0,Estadio La Cartuja,BAR -250,3.5,500.0,-250.0,-250.0,-130.0,-150.0,real,0,0,pre,,
401882838,2026-10-17,13:00,2026,VAL,ATH,0,0,0,0,0,0,0,1,0,0,0,Mestalla Stadium,ATH +105,2.5,260.0,105.0,105.0,-140.0,100.0,real,0,0,pre,,
401882840,2026-10-18,06:00,2026,OSA,RAC,0,0,0,0,0,0,0,1,0,0,0,El Sadar,OSA -115,2.5,-115.0,310.0,-115.0,-125.0,-135.0,real,0,0,pre,,
401882845,2026-10-18,08:15,2026,CEL,ALA,0,0,0,0,0,0,0,1,0,0,0,Balaidos,CEL +100,2.5,100.0,275.0,100.0,-115.0,105.0,real,0,0,pre,,
401882841,2026-10-18,10:30,2026,MCF,RSO,0,0,0,0,0,0,0,1,0,0,0,La Rosaleda,RSO +120,2.5,210.0,120.0,120.0,-160.0,-135.0,real,0,0,pre,,
401882839,2026-10-18,13:00,2026,RMA,SEV,0,0,0,0,0,0,0,1,0,0,0,Santiago Bernabéu,RMA -380,3.5,-380.0,800.0,-380.0,-170.0,-110.0,real,0,0,pre,,
401882842,2026-10-19,13:00,2026,GET,RAY,0,0,0,0,0,0,0,1,0,0,0,Estadio Coliseum,RAY +155,2.5,180.0,155.0,155.0,-215.0,140.0,real,0,0,pre,,
401882870,2026-10-21,12:00,2026,LEV,ATH,0,0,0,0,0,0,0,1,0,0,0,Estadi Ciutat de València,N/A,0.0,,,,,,fallback,0,0,pre,,
401882836,2026-10-23,13:00,2026,ALA,MCF,0,0,0,0,0,0,0,1,0,0,0,Mendizorrotza,N/A,0.0,,,,,,fallback,0,0,pre,,
401882830,2026-10-24,06:00,2026,RAY,ELC,0,0,0,0,0,0,0,1,0,0,0,Estadio de Vallecas,N/A,0.0,,,,,,fallback,0,0,pre,,
401882831,2026-10-24,08:15,2026,RAC,ESP,0,0,0,0,0,0,0,1,0,0,0,El Sardineros,N/A,0.0,,,,,,fallback,0,0,pre,,
401882827,2026-10-24,10:30,2026,VAL,VIL,0,0,0,0,0,0,0,1,0,0,0,Mestalla Stadium,N/A,0.0,,,,,,fallback,0,0,pre,,
401882834,2026-10-24,13:00,2026,ATM,DEP,0,0,0,0,0,0,0,1,0,0,0,Riyadh Air Metropolitano,N/A,0.0,,,,,,fallback,0,0,pre,,
