game_id,date,home_team,away_team,odds_over_under,home_is_favorite,market_key,split_id,pred_value,line_value,actual_value,pred_label,y_true,edge_value,publish_pick,confidence,confidence_bucket
401569910,2024-07-14,SD,ATL,0.0,-1,totals,0,8.656354519835357,0.0,9,,,,0,,
401569911,2024-07-14,STL,CHC,0.0,-1,totals,0,8.732400117195693,0.0,11,,,,0,,
401569912,2024-07-14,TB,CLE,0.0,-1,totals,0,9.00249126536751,0.0,2,,,,0,,
401569913,2024-07-14,NYM,COL,0.0,-1,totals,0,10.463699797092367,0.0,13,,,,0,,
401569914,2024-07-14,BOS,KC,0.0,-1,totals,0,10.127886015725316,0.0,9,,,,0,,
401569915,2024-07-14,DET,LAD,0.0,-1,totals,0,11.118888045100197,0.0,7,,,,0,,
401569916,2024-07-14,CIN,MIA,0.0,-1,totals,0,9.245144820213174,0.0,5,,,,0,,
401569917,2024-07-14,SF,MIN,0.0,-1,totals,0,9.09735684731381,0.0,5,,,,0,,
401569918,2024-07-14,BAL,NYY,0.0,-1,totals,0,8.101830719848635,0.0,11,,,,0,,
401569919,2024-07-14,PHI,OAK,0.0,-1,totals,0,11.788668142422413,0.0,21,,,,0,,
401569920,2024-07-14,CHW,PIT,0.0,-1,totals,0,9.12139918037227,0.0,13,,,,0,,
401569921,2024-07-14,LAA,SEA,0.0,-1,totals,0,9.081353601749093,0.0,5,,,,0,,
401569922,2024-07-14,HOU,TEX,0.0,-1,totals,0,8.139849878517925,0.0,6,,,,0,,
401569923,2024-07-14,ARI,TOR,0.0,-1,totals,0,9.377182643930762,0.0,15,,,,0,,
401569924,2024-07-14,MIL,WSH,0.0,-1,totals,0,9.685243188519006,0.0,12,,,,0,,
401570012,2024-07-25,NYM,ATL,0.0,-1,totals,1,9.444086988807427,0.0,5,,,,0,,
401570013,2024-07-25,MIA,BAL,0.0,-1,totals,1,7.662855337721746,0.0,13,,,,0,,
401570014,2024-07-25,TEX,CHW,0.0,-1,totals,1,8.405661034062467,0.0,3,,,,0,,
401570015,2024-07-25,CLE,DET,0.0,-1,totals,1,9.759015885616336,0.0,3,,,,0,,
401570016,2024-07-25,LAA,OAK,0.0,-1,totals,1,6.888790610134809,0.0,11,,,,0,,
401570017,2024-07-25,WSH,SD,0.0,-1,totals,1,6.759626758109254,0.0,3,,,,0,,
401570018,2024-07-25,LAD,SF,0.0,-1,totals,1,8.57635790495672,0.0,10,,,,0,,
401570019,2024-07-25,TOR,TB,0.0,-1,totals,1,9.24332611664874,0.0,13,,,,0,,
401570106,2024-08-01,CLE,BAL,0.0,-1,totals,2,9.45990645416855,0.0,13,,,,0,,
401570107,2024-08-01,LAA,COL,0.0,-1,totals,2,7.5349168484858495,0.0,9,,,,0,,
401570108,2024-08-01,DET,KC,0.0,-1,totals,2,8.465275224551329,0.0,8,,,,0,,
401570109,2024-08-01,ATL,MIA,0.0,-1,totals,2,7.2897708704187405,0.0,6,,,,0,,
401570110,2024-08-01,CHC,STL,0.0,-1,totals,2,8.093464029759993,0.0,9,,,,0,,
401570194,2024-08-08,NYY,LAA,0.0,-1,totals,3,9.79001559924232,0.0,13,,,,0,,
401570195,2024-08-08,TOR,BAL,0.0,-1,totals,3,7.085995853619396,0.0,13,,,,0,,
401570196,2024-08-08,MIA,CIN,0.0,-1,totals,3,7.754814431822261,0.0,14,,,,0,,
401570197,2024-08-08,SEA,DET,0.0,-1,totals,3,9.625334443082838,0.0,7,,,,0,,
401570198,2024-08-08,ATL,MIL,0.0,-1,totals,3,10.315859667948617,0.0,23,,,,0,,
401570199,2024-08-08,COL,NYM,0.0,-1,totals,3,8.165475713792787,0.0,10,,,,0,,
401570200,2024-08-08,ARI,PHI,0.0,-1,totals,3,9.461909520991709,0.0,10,,,,0,,
401570201,2024-08-08,PIT,SD,0.0,-1,totals,3,9.803228796446756,0.0,13,,,,0,,
401570202,2024-08-08,WSH,SF,0.0,-1,totals,3,6.819180866780739,0.0,14,,,,0,,
401570203,2024-08-08,STL,TB,0.0,-1,totals,3,10.11002880334792,0.0,10,,,,0,,
401570288,2024-08-15,SF,ATL,0.0,-1,totals,4,10.638197685551091,0.0,6,,,,0,,
401570289,2024-08-15,BAL,BOS,0.0,-1,totals,4,8.050100584840877,0.0,6,,,,0,,
401570290,2024-08-15,MIL,LAD,0.0,-1,totals,4,7.735885192910949,0.0,10,,,,0,,
401570291,2024-08-15,TEX,MIN,0.0,-1,totals,4,9.535193983363923,0.0,5,,,,0,,
401570292,2024-08-15,NYM,OAK,0.0,-1,totals,4,9.889442205309955,0.0,13,,,,0,,
401570293,2024-08-15,DET,SEA,0.0,-1,totals,4,6.498411747437169,0.0,3,,,,0,,
401570294,2024-08-15,PHI,WSH,0.0,-1,totals,4,8.988602810214172,0.0,16,,,,0,,
401570379,2024-08-22,TOR,LAA,0.0,-1,totals,5,10.551934146966108,0.0,8,,,,0,,
401570380,2024-08-22,PIT,CIN,0.0,-1,totals,5,8.230298798082824,0.0,7,,,,0,,
401570381,2024-08-22,NYY,CLE,0.0,-1,totals,5,8.396668924410836,0.0,6,,,,0,,
401570382,2024-08-22,WSH,COL,0.0,-1,totals,5,11.127063377308009,0.0,11,,,,0,,
401570383,2024-08-22,CHC,DET,0.0,-1,totals,5,8.665956036001397,0.0,12,,,,0,,
401570384,2024-08-22,BAL,HOU,0.0,-1,totals,5,9.653940062751332,0.0,6,,,,0,,
401570385,2024-08-22,STL,MIL,0.0,-1,totals,5,8.741913480219552,0.0,3,,,,0,,
401570386,2024-08-22,SD,NYM,0.0,-1,totals,5,8.165833387857719,0.0,11,,,,0,,
401570387,2024-08-22,ATL,PHI,0.0,-1,totals,5,8.999532220909899,0.0,5,,,,0,,
401570388,2024-08-22,OAK,TB,0.0,-1,totals,5,8.784250200393666,0.0,4,,,,0,,
401570474,2024-08-29,DET,LAA,0.0,-1,totals,6,8.551870080072305,0.0,3,,,,0,,
401570475,2024-08-29,PHI,ATL,0.0,-1,totals,6,9.630783510362868,0.0,9,,,,0,,
401570476,2024-08-29,LAD,BAL,0.0,-1,totals,6,10.447633317314665,0.0,9,,,,0,,
401570477,2024-08-29,HOU,KC,0.0,-1,totals,6,8.613631229034937,0.0,9,,,,0,,
401570478,2024-08-29,COL,MIA,0.0,-1,totals,6,9.461654587844098,0.0,20,,,,0,,
401570479,2024-08-29,ARI,NYM,0.0,-1,totals,6,9.594541805422473,0.0,5,,,,0,,
401570480,2024-08-29,CIN,OAK,0.0,-1,totals,6,8.033840537655532,0.0,19,,,,0,,
401570481,2024-08-29,STL,SD,0.0,-1,totals,6,7.773210769008999,0.0,5,,,,0,,
401570482,2024-08-29,MIL,SF,0.0,-1,totals,6,7.915486308551344,0.0,6,,,,0,,
401570483,2024-08-29,CHW,TEX,0.0,-1,totals,6,8.689497212405147,0.0,3,,,,0,,
401570484,2024-08-29,BOS,TOR,0.0,-1,totals,6,8.214275068309485,0.0,2,,,,0,,
401570569,2024-09-05,TEX,LAA,0.0,-1,totals,7,8.689379629538431,0.0,4,,,,0,,
401570570,2024-09-05,SF,ARI,0.0,-1,totals,7,9.662523327333963,0.0,5,,,,0,,
401570571,2024-09-05,ATL,COL,0.0,-1,totals,7,9.25721339959086,0.0,4,,,,0,,
401570572,2024-09-05,SD,DET,0.0,-1,totals,7,8.617091057772544,0.0,7,,,,0,,
401570573,2024-09-05,CIN,HOU,0.0,-1,totals,7,9.411793775087428,0.0,1,,,,0,,
401570574,2024-09-05,TB,MIN,0.0,-1,totals,7,9.861920060875526,0.0,7,,,,0,,
401570575,2024-09-05,MIA,PHI,0.0,-1,totals,7,7.441880041337783,0.0,7,,,,0,,
401570576,2024-09-05,OAK,SEA,0.0,-1,totals,7,9.78454989290559,0.0,10,,,,0,,
401570577,2024-09-05,PIT,WSH,0.0,-1,totals,7,12.0092019770792,0.0,13,,,,0,,
401570661,2024-09-12,NYY,BOS,0.0,-1,totals,8,7.946123597867265,0.0,3,,,,0,,
401570662,2024-09-12,STL,CIN,0.0,-1,totals,8,7.862457491430318,0.0,7,,,,0,,
401570663,2024-09-12,DET,COL,0.0,-1,totals,8,9.70687273478222,0.0,6,,,,0,,
401570664,2024-09-12,WSH,MIA,0.0,-1,totals,8,8.648016484059148,0.0,9,,,,0,,
401570665,2024-09-12,SF,MIL,0.0,-1,totals,8,8.41739791295132,0.0,3,,,,0,,
401570666,2024-09-12,HOU,OAK,0.0,-1,totals,8,8.978819527107396,0.0,9,,,,0,,
401570667,2024-09-12,CLE,TB,0.0,-1,totals,8,8.947896011338456,0.0,7,,,,0,,
401570668,2024-09-12,SEA,TEX,0.0,-1,totals,8,8.960237999255188,0.0,9,,,,0,,
401570754,2024-09-19,HOU,LAA,0.0,-1,totals,9,6.9033268518179485,0.0,4,,,,0,,
401570755,2024-09-19,MIL,ARI,0.0,-1,totals,9,12.967508778430862,0.0,6,,,,0,,
401570756,2024-09-19,CIN,ATL,0.0,-1,totals,9,8.793735872355619,0.0,18,,,,0,,
401570757,2024-09-19,TB,BOS,0.0,-1,totals,9,8.83530742123501,0.0,2,,,,0,,
401570758,2024-09-19,MIA,LAD,0.0,-1,totals,9,7.781986861248516,0.0,24,,,,0,,
401570759,2024-09-19,CLE,MIN,0.0,-1,totals,9,8.2512122828829,0.0,5,,,,0,,
401570760,2024-09-19,SEA,NYY,0.0,-1,totals,9,8.510567024771916,0.0,5,,,,0,,
401570761,2024-09-19,NYM,PHI,0.0,-1,totals,9,9.540906885873667,0.0,16,,,,0,,
401570762,2024-09-19,STL,PIT,0.0,-1,totals,9,9.587581135562651,0.0,5,,,,0,,
401570763,2024-09-19,BAL,SF,0.0,-1,totals,9,8.403386125919114,0.0,8,,,,0,,
401570764,2024-09-19,TEX,TOR,0.0,-1,totals,9,8.974803695310278,0.0,4,,,,0,,
401570765,2024-09-19,CHC,WSH,0.0,-1,totals,9,7.494446565999469,0.0,13,,,,0,,
401570845,2024-09-26,CHW,LAA,0.0,-1,totals,10,8.446730179449688,0.0,7,,,,0,,
401570846,2024-09-26,NYY,BAL,0.0,-1,totals,10,9.632901975323028,0.0,11,,,,0,,
401570847,2024-09-26,WSH,KC,0.0,-1,totals,10,7.853408137229586,0.0,11,,,,0,,
401570848,2024-09-26,MIN,MIA,0.0,-1,totals,10,8.096399184609723,0.0,14,,,,0,,
401570849,2024-09-26,PIT,MIL,0.0,-1,totals,10,7.924352828216568,0.0,7,,,,0,,
401570850,2024-09-26,LAD,SD,0.0,-1,totals,10,7.881052026119292,0.0,9,,,,0,,
401570851,2024-09-26,COL,STL,0.0,-1,totals,10,9.858127072501109,0.0,18,,,,0,,
401570852,2024-09-26,DET,TB,0.0,-1,totals,10,9.81613191170791,0.0,7,,,,0,,
401570853,2024-09-26,OAK,TEX,0.0,-1,totals,10,7.018695386732366,0.0,5,,,,0,,
401701011,2024-10-03,MIL,NYM,0.0,-1,totals,11,8.083723258467629,0.0,6,,,,0,,
401701030,2024-10-11,LAD,SD,0.0,-1,totals,12,9.494637257685937,0.0,2,,,,0,,
401701035,2024-10-18,NYM,LAD,0.0,-1,totals,13,7.900636371664715,0.0,18,,,,0,,
401701053,2024-10-18,CLE,NYY,0.0,-1,totals,13,7.662608027142217,0.0,14,,,,0,,
401704214,2025-02-26,PIT,BAL,0.0,-1,totals,15,9.934335370599243,0.0,10,,,,0,,
401704215,2025-02-26,WSH,HOU,0.0,-1,totals,15,7.907227346713595,0.0,3,,,,0,,
401704216,2025-02-26,DET,MIN,0.0,-1,totals,15,8.290865895896355,0.0,4,,,,0,,
401704217,2025-02-26,MIA,NYM,0.0,-1,totals,15,8.790286083676344,0.0,5,,,,0,,
401704218,2025-02-26,TOR,PHI,0.0,-1,totals,15,8.654837965753597,0.0,15,,,,0,,
401704219,2025-02-26,ATL,PIT,0.0,-1,totals,15,9.066049381804609,0.0,13,,,,0,,
401704220,2025-02-26,NYY,STL,0.0,-1,totals,15,9.265286347063359,0.0,7,,,,0,,
401704221,2025-02-26,BOS,TB,0.0,-1,totals,15,9.431605602114182,0.0,10,,,,0,,
401704222,2025-02-26,SEA,ATH,0.0,-1,totals,15,6.632667381589336,0.0,13,,,,0,,
401704223,2025-02-26,SF,CHC,0.0,-1,totals,15,8.874366697051823,0.0,8,,,,0,,
401704224,2025-02-26,LAA,CIN,0.0,-1,totals,15,10.536560898574418,0.0,13,,,,0,,
401704225,2025-02-26,KC,COL,0.0,-1,totals,15,9.35112189154168,0.0,13,,,,0,,
401704226,2025-02-26,MIL,LAD,0.0,-1,totals,15,8.522940555796819,0.0,12,,,,0,,
401704227,2025-02-26,ARI,MIL,0.0,-1,totals,15,8.143718611954899,0.0,8,,,,0,,
401704228,2025-02-26,CHW,SD,0.0,-1,totals,15,11.5847599382579,0.0,4,,,,0,,
401704229,2025-02-26,CLE,TEX,0.0,-1,totals,15,9.176155132470331,0.0,11,,,,0,,
401704318,2025-03-05,MIN,BAL,0.0,-1,totals,16,9.896731061426426,0.0,7,,,,0,,
401704319,2025-03-05,DET,PHI,0.0,-1,totals,16,10.362596894244225,0.0,24,,,,0,,
401704320,2025-03-05,HOU,STL,0.0,-1,totals,16,8.72032588214529,0.0,11,,,,0,,
401704321,2025-03-05,BOS,TB,0.0,-1,totals,16,8.596728821715004,0.0,6,,,,0,,
401704322,2025-03-05,PIT,TOR,0.0,-1,totals,16,7.700219217952204,0.0,13,,,,0,,
401704323,2025-03-05,MIA,WSH,0.0,-1,totals,16,10.53794822167885,0.0,15,,,,0,,
401704324,2025-03-05,MIL,CHW,0.0,-1,totals,16,9.903507230453766,0.0,10,,,,0,,
401704325,2025-03-05,SD,COL,0.0,-1,totals,16,6.850486511724478,0.0,7,,,,0,,
401704326,2025-03-05,LAA,LAD,0.0,-1,totals,16,8.749602098628918,0.0,8,,,,0,,
401704327,2025-03-05,CHW,MIL,0.0,-1,totals,16,11.912882016013933,0.0,5,,,,0,,
401704328,2025-03-05,KC,SEA,0.0,-1,totals,16,8.30959274755675,0.0,15,,,,0,,
401704329,2025-03-05,ARI,SF,0.0,-1,totals,16,8.188412438771046,0.0,16,,,,0,,
401704330,2025-03-05,CIN,TEX,0.0,-1,totals,16,11.870386793429596,0.0,8,,,,0,,
401704424,2025-03-12,BAL,ATL,0.0,-1,totals,17,10.040689367402386,0.0,18,,,,0,,
401704425,2025-03-12,WSH,HOU,0.0,-1,totals,17,9.035799393984291,0.0,12,,,,0,,
401704426,2025-03-12,BOS,MIN,0.0,-1,totals,17,9.067816847980136,0.0,11,,,,0,,
401704427,2025-03-12,STL,NYM,0.0,-1,totals,17,9.256919911367481,0.0,2,,,,0,,
401704428,2025-03-12,DET,TB,0.0,-1,totals,17,11.000687381330621,0.0,6,,,,0,,
401704429,2025-03-12,CHW,LAA,0.0,-1,totals,17,8.845488356486118,0.0,2,,,,0,,
401704430,2025-03-12,ATH,ARI,0.0,-1,totals,17,10.038193731169503,0.0,7,,,,0,,
401704431,2025-03-12,TEX,CIN,0.0,-1,totals,17,9.637503048110997,0.0,7,,,,0,,
401704432,2025-03-12,SEA,KC,0.0,-1,totals,17,9.003687002915935,0.0,13,,,,0,,
401704433,2025-03-12,COL,SD,0.0,-1,totals,17,7.642044114293291,0.0,15,,,,0,,
401704434,2025-03-12,CLE,SF,0.0,-1,totals,17,11.891884935408715,0.0,13,,,,0,,
401694908,2025-03-19,CHC,LAD,0.0,-1,totals,18,10.612912215669365,0.0,9,,,,0,,
401704524,2025-03-19,NYY,ATL,0.0,-1,totals,18,9.400599870467682,0.0,4,,,,0,,
401704525,2025-03-19,BOS,DET,0.0,-1,totals,18,9.335248048390817,0.0,10,,,,0,,
401704526,2025-03-19,PHI,NYY,0.0,-1,totals,18,10.00860405243374,0.0,16,,,,0,,
401704527,2025-03-19,HOU,NYM,0.0,-1,totals,18,9.074253535909149,0.0,10,,,,0,,
401704528,2025-03-19,TB,PIT,0.0,-1,totals,18,10.083515110055387,0.0,7,,,,0,,
401704529,2025-03-19,STL,WSH,0.0,-1,totals,18,9.38735142455967,0.0,8,,,,0,,
401704530,2025-03-19,CLE,ATH,0.0,-1,totals,18,9.38468366967216,0.0,11,,,,0,,
401704531,2025-03-19,MIL,CHW,0.0,-1,totals,18,10.610929120138469,0.0,9,,,,0,,
401704532,2025-03-19,LAA,CLE,0.0,-1,totals,18,9.49198792950626,0.0,9,,,,0,,
401704533,2025-03-19,ARI,COL,0.0,-1,totals,18,9.996832786918343,0.0,1,,,,0,,
401704534,2025-03-19,KC,SF,0.0,-1,totals,18,10.794875012583676,0.0,4,,,,0,,
401704535,2025-03-19,SEA,TEX,0.0,-1,totals,18,9.56099391387643,0.0,5,,,,0,,
401694909,2025-03-27,TOR,BAL,0.0,-1,totals,19,8.671497506780359,0.0,14,,,,0,,
401694911,2025-03-27,NYY,MIL,0.0,-1,totals,19,8.655387957298906,0.0,6,,,,0,,
401694912,2025-03-27,WSH,PHI,0.0,-1,totals,19,8.923138545548891,0.0,10,,,,0,,
401694913,2025-03-27,MIA,PIT,0.0,-1,totals,19,8.648480007638454,0.0,9,,,,0,,
401694914,2025-03-27,CIN,SF,0.0,-1,totals,19,11.237677406323314,0.0,10,,,,0,,
401694915,2025-03-27,CHW,LAA,0.0,-1,totals,19,11.023779108646167,0.0,9,,,,0,,
401694916,2025-03-27,TEX,BOS,0.0,-1,totals,19,9.21814224170914,0.0,7,,,,0,,
401694917,2025-03-27,KC,CLE,0.0,-1,totals,19,7.486971633195068,0.0,11,,,,0,,
401694918,2025-03-27,STL,MIN,0.0,-1,totals,19,9.365066573528189,0.0,8,,,,0,,
401694919,2025-03-27,HOU,NYM,0.0,-1,totals,19,9.368980141879803,0.0,4,,,,0,,
401694920,2025-03-27,SD,ATL,0.0,-1,totals,19,10.881633909446027,0.0,11,,,,0,,
401694921,2025-03-27,ARI,CHC,0.0,-1,totals,19,8.155428334214125,0.0,16,,,,0,,
401694922,2025-03-27,LAD,DET,0.0,-1,totals,19,10.398256035986835,0.0,9,,,,0,,
401694923,2025-03-27,SEA,ATH,0.0,-1,totals,19,10.168682100082393,0.0,6,,,,0,,
401695002,2025-04-03,NYY,ARI,0.0,-1,totals,20,10.320966223072935,0.0,16,,,,0,,
401695003,2025-04-03,BAL,BOS,0.0,-1,totals,20,8.179156361262445,0.0,12,,,,0,,
401695004,2025-04-03,PHI,COL,0.0,-1,totals,20,8.589923897048628,0.0,4,,,,0,,
401695005,2025-04-03,MIL,CIN,0.0,-1,totals,20,9.319590594504746,0.0,1,,,,0,,
401695006,2025-04-03,MIN,HOU,0.0,-1,totals,20,9.483903118514583,0.0,7,,,,0,,
401695062,2025-04-10,TB,LAA,0.0,-1,totals,21,7.502815893549222,0.0,12,,,,0,,
401695093,2025-04-10,CLE,CHW,0.0,-1,totals,21,8.255534949985769,0.0,7,,,,0,,
401695094,2025-04-10,ATL,PHI,0.0,-1,totals,21,7.9671041490963095,0.0,6,,,,0,,
401695095,2025-04-10,BOS,TOR,0.0,-1,totals,21,7.924430029400527,0.0,7,,,,0,,
401695096,2025-04-10,KC,MIN,0.0,-1,totals,21,8.773079031549937,0.0,5,,,,0,,
401695097,2025-04-10,COL,MIL,0.0,-1,totals,21,12.337525276409838,0.0,9,,,,0,,
401695183,2025-04-17,MIA,ARI,0.0,-1,totals,22,10.805552139102776,0.0,10,,,,0,,
401695184,2025-04-17,BAL,CLE,0.0,-1,totals,22,8.355693674806751,0.0,8,,,,0,,
401695185,2025-04-17,DET,KC,0.0,-1,totals,22,8.755967890937715,0.0,7,,,,0,,
401695186,2025-04-17,TB,NYY,0.0,-1,totals,22,11.753092053642327,0.0,9,,,,0,,
401695187,2025-04-17,CIN,SEA,0.0,-1,totals,22,8.851082331847088,0.0,18,,,,0,,
401695188,2025-04-17,PHI,SF,0.0,-1,totals,22,9.64465711056054,0.0,10,,,,0,,
401695189,2025-04-17,NYM,STL,0.0,-1,totals,22,8.897038400860534,0.0,5,,,,0,,
401695190,2025-04-17,PIT,WSH,0.0,-1,totals,22,7.173550106228927,0.0,1,,,,0,,
401695191,2025-04-17,TEX,LAA,0.0,-1,totals,22,9.462907549044196,0.0,8,,,,0,,
401695192,2025-04-17,CHW,ATH,0.0,-1,totals,22,8.406275813074943,0.0,8,,,,0,,
401695276,2025-04-24,WSH,BAL,0.0,-1,totals,23,9.774619114636113,0.0,3,,,,0,,
401695277,2025-04-24,BOS,SEA,0.0,-1,totals,23,9.262110454781794,0.0,7,,,,0,,
401695278,2025-04-24,MIN,CHW,0.0,-1,totals,23,8.963789648629813,0.0,3,,,,0,,
401695279,2025-04-24,KC,COL,0.0,-1,totals,23,8.925119473011033,0.0,11,,,,0,,
401695280,2025-04-24,SF,MIL,0.0,-1,totals,23,9.394497229285552,0.0,11,,,,0,,
401695281,2025-04-24,LAA,PIT,0.0,-1,totals,23,7.6088148899541865,0.0,7,,,,0,,
401695282,2025-04-24,ARI,TB,0.0,-1,totals,23,9.136386506447701,0.0,11,,,,0,,
401764530,2025-04-24,ATH,TEX,0.0,-1,totals,23,9.520098365693162,0.0,7,,,,0,,
401769126,2025-04-24,KC,COL,0.0,-1,totals,23,9.151429927207694,0.0,8,,,,0,,
401695367,2025-05-01,NYM,ARI,0.0,-1,totals,24,8.017015233110497,0.0,6,,,,0,,
401695368,2025-05-01,TOR,BOS,0.0,-1,totals,24,9.61504814095816,0.0,6,,,,0,,
401695369,2025-05-01,PIT,CHC,0.0,-1,totals,24,7.758518960150567,0.0,11,,,,0,,
401695370,2025-05-01,TB,KC,0.0,-1,totals,24,9.293867491392684,0.0,10,,,,0,,
401695371,2025-05-01,CLE,MIN,0.0,-1,totals,24,7.414066951400629,0.0,7,,,,0,,
401695372,2025-05-01,CIN,STL,0.0,-1,totals,24,8.771354630234224,0.0,10,,,,0,,
401695373,2025-05-01,PHI,WSH,0.0,-1,totals,24,8.146847712292171,0.0,6,,,,0,,
401695374,2025-05-01,CHW,MIL,0.0,-1,totals,24,9.006905433829571,0.0,8,,,,0,,
401695375,2025-05-01,TEX,ATH,0.0,-1,totals,24,8.69119295554845,0.0,3,,,,0,,
401695376,2025-05-01,SF,COL,0.0,-1,totals,24,9.619635250029354,0.0,7,,,,0,,
401695377,2025-05-01,LAA,DET,0.0,-1,totals,24,7.987546922200137,0.0,14,,,,0,,
401695463,2025-05-08,ATL,CIN,0.0,-1,totals,25,8.164760511479493,0.0,9,,,,0,,
401695464,2025-05-08,TB,PHI,0.0,-1,totals,25,9.809369806619838,0.0,13,,,,0,,
401695465,2025-05-08,BOS,TEX,0.0,-1,totals,25,8.144219010408051,0.0,5,,,,0,,
401695466,2025-05-08,MIN,BAL,0.0,-1,totals,25,8.32765442557293,0.0,7,,,,0,,
401695467,2025-05-08,KC,CHW,0.0,-1,totals,25,7.641014415340127,0.0,10,,,,0,,
401695468,2025-05-08,COL,DET,0.0,-1,totals,25,10.207415772150776,0.0,12,,,,0,,
401695469,2025-05-08,ARI,LAD,0.0,-1,totals,25,9.88583504672692,0.0,8,,,,0,,
401695470,2025-05-08,LAA,TOR,0.0,-1,totals,25,8.676047550118994,0.0,13,,,,0,,
401770084,2025-05-08,COL,DET,0.0,-1,totals,25,8.96006394779151,0.0,12,,,,0,,
401695527,2025-05-15,LAD,ATH,0.0,-1,totals,26,11.40061153293714,0.0,21,,,,0,,
401695558,2025-05-15,CIN,CHW,0.0,-1,totals,26,7.588808734353469,0.0,8,,,,0,,
401695559,2025-05-15,BAL,MIN,0.0,-1,totals,26,8.083110380600182,0.0,4,,,,0,,
401695560,2025-05-15,TOR,TB,0.0,-1,totals,26,7.12090099130106,0.0,11,,,,0,,
401695561,2025-05-15,ATL,WSH,0.0,-1,totals,26,8.635203136448496,0.0,7,,,,0,,
401695562,2025-05-15,TEX,HOU,0.0,-1,totals,26,8.877720111633387,0.0,1,,,,0,,
401695650,2025-05-22,WSH,ATL,0.0,-1,totals,27,8.13714625745933,0.0,15,,,,0,,
401695652,2025-05-22,DET,CLE,0.0,-1,totals,27,8.64483828351915,0.0,7,,,,0,,
401695653,2025-05-22,PIT,MIL,0.0,-1,totals,27,8.71066293387371,0.0,13,,,,0,,
401695654,2025-05-22,TOR,SD,0.0,-1,totals,27,6.318042036538165,0.0,13,,,,0,,
401695655,2025-05-22,NYY,TEX,0.0,-1,totals,27,7.45583817961475,0.0,1,,,,0,,
401695656,2025-05-22,HOU,SEA,0.0,-1,totals,27,8.583159434220613,0.0,11,,,,0,,
401695657,2025-05-22,COL,PHI,0.0,-1,totals,27,9.627749489461227,0.0,2,,,,0,,
401764543,2025-05-22,ATH,LAA,0.0,-1,totals,27,12.233013737102766,0.0,15,,,,0,,
401695746,2025-05-29,PHI,ATL,0.0,-1,totals,28,9.240803139559613,0.0,12,,,,0,,
401695747,2025-05-29,TOR,ATH,0.0,-1,totals,28,9.143881660536742,0.0,12,,,,0,,
401695748,2025-05-29,HOU,TB,0.0,-1,totals,28,8.83955655061079,0.0,16,,,,0,,
401695749,2025-05-29,SEA,WSH,0.0,-1,totals,28,7.447357166683691,0.0,12,,,,0,,
401777355,2025-05-29,PHI,ATL,0.0,-1,totals,28,8.955403973307572,0.0,9,,,,0,,
401695832,2025-06-05,ATL,ARI,0.0,-1,totals,29,8.368086059496541,0.0,21,,,,0,,
401695833,2025-06-05,WSH,CHC,0.0,-1,totals,29,8.59488020688202,0.0,8,,,,0,,
401695834,2025-06-05,NYY,CLE,0.0,-1,totals,29,9.673701629542435,0.0,4,,,,0,,
401695835,2025-06-05,PIT,HOU,0.0,-1,totals,29,9.566347026510673,0.0,10,,,,0,,
401695836,2025-06-05,TOR,PHI,0.0,-1,totals,29,7.964750742935152,0.0,10,,,,0,,
401695837,2025-06-05,TB,TEX,0.0,-1,totals,29,8.04464916740704,0.0,7,,,,0,,
401695838,2025-06-05,CHW,DET,0.0,-1,totals,29,9.073394741075305,0.0,5,,,,0,,
401695839,2025-06-05,STL,KC,0.0,-1,totals,29,8.439190263707749,0.0,12,,,,0,,
401695840,2025-06-05,SEA,BAL,0.0,-1,totals,29,7.916661878496317,0.0,7,,,,0,,
401695842,2025-06-05,LAD,NYM,0.0,-1,totals,29,8.749676965901903,0.0,11,,,,0,,
401695843,2025-06-05,SF,SD,0.0,-1,totals,29,8.03091722257253,0.0,5,,,,0,,
401764550,2025-06-05,ATH,MIN,0.0,-1,totals,29,8.220638355946058,0.0,17,,,,0,,
401778098,2025-06-05,STL,KC,0.0,-1,totals,29,9.80280656581374,0.0,11,,,,0,,
401695928,2025-06-12,BAL,DET,0.0,-1,totals,30,8.474189879872998,0.0,5,,,,0,,
401695929,2025-06-12,NYM,WSH,0.0,-1,totals,30,9.321654068551485,0.0,7,,,,0,,
401695930,2025-06-12,HOU,CHW,0.0,-1,totals,30,8.399679788471744,0.0,7,,,,0,,
401695931,2025-06-12,KC,NYY,0.0,-1,totals,30,10.193720661221958,0.0,1,,,,0,,
401695932,2025-06-12,CHC,PIT,0.0,-1,totals,30,8.976579946737768,0.0,5,,,,0,,
401695933,2025-06-12,MIL,STL,0.0,-1,totals,30,8.371976125987267,0.0,6,,,,0,,
401695934,2025-06-12,MIN,TEX,0.0,-1,totals,30,8.760236802258257,0.0,19,,,,0,,
401695935,2025-06-12,COL,SF,0.0,-1,totals,30,8.431803622224205,0.0,15,,,,0,,
401696018,2025-06-19,NYY,LAA,0.0,-1,totals,31,7.109565589581301,0.0,10,,,,0,,
401696019,2025-06-19,TOR,ARI,0.0,-1,totals,31,8.487656794488526,0.0,14,,,,0,,
401696020,2025-06-19,TB,BAL,0.0,-1,totals,31,10.72031057027008,0.0,5,,,,0,,
401696021,2025-06-19,WSH,COL,0.0,-1,totals,31,10.169895745079717,0.0,7,,,,0,,
401696022,2025-06-19,CIN,MIN,0.0,-1,totals,31,7.928872482776824,0.0,17,,,,0,,
401696023,2025-06-19,ATL,NYM,0.0,-1,totals,31,8.622200810161265,0.0,8,,,,0,,
401696024,2025-06-19,MIA,PHI,0.0,-1,totals,31,7.763464958117838,0.0,3,,,,0,,
401696025,2025-06-19,DET,PIT,0.0,-1,totals,31,11.293434756575955,0.0,11,,,,0,,
401696026,2025-06-19,TEX,KC,0.0,-1,totals,31,8.589676608416053,0.0,5,,,,0,,
401696027,2025-06-19,CHC,MIL,0.0,-1,totals,31,8.4999891444364,0.0,15,,,,0,,
401696028,2025-06-19,CHW,STL,0.0,-1,totals,31,7.665555311722258,0.0,9,,,,0,,
401696029,2025-06-19,SF,CLE,0.0,-1,totals,31,8.944409055980872,0.0,3,,,,0,,
401696031,2025-06-19,LAD,SD,0.0,-1,totals,31,8.341137926706413,0.0,8,,,,0,,
401764557,2025-06-19,ATH,HOU,0.0,-1,totals,31,8.860314680387273,0.0,10,,,,0,,
401785798,2025-06-19,CHW,STL,0.0,-1,totals,31,10.432359294246861,0.0,14,,,,0,,
401785972,2025-06-19,DET,PIT,0.0,-1,totals,31,8.608511070222393,0.0,12,,,,0,,
401696116,2025-06-26,NYM,ATL,0.0,-1,totals,32,8.71612983565856,0.0,4,,,,0,,
401696117,2025-06-26,DET,ATH,0.0,-1,totals,32,9.101533484507025,0.0,8,,,,0,,
401696118,2025-06-26,CLE,TOR,0.0,-1,totals,32,8.093510731731403,0.0,6,,,,0,,
401696119,2025-06-26,STL,CHC,0.0,-1,totals,32,10.322181070561655,0.0,3,,,,0,,
401696120,2025-06-26,HOU,PHI,0.0,-1,totals,32,7.401131869994854,0.0,3,,,,0,,
401696121,2025-06-26,MIN,SEA,0.0,-1,totals,32,9.2809167339392,0.0,11,,,,0,,
401696122,2025-06-26,KC,TB,0.0,-1,totals,32,7.92458088947147,0.0,4,,,,0,,
401696123,2025-06-26,COL,LAD,0.0,-1,totals,32,8.84286372349072,0.0,4,,,,0,,
401696124,2025-06-26,SF,MIA,0.0,-1,totals,32,9.920251178542731,0.0,17,,,,0,,
401696208,2025-07-03,ATL,LAA,0.0,-1,totals,33,10.755100389906492,0.0,6,,,,0,,
401696209,2025-07-03,WSH,DET,0.0,-1,totals,33,9.159882158377687,0.0,18,,,,0,,
401696210,2025-07-03,NYM,MIL,0.0,-1,totals,33,9.728707841655375,0.0,5,,,,0,,
401696211,2025-07-03,MIA,MIN,0.0,-1,totals,33,8.98263857563307,0.0,5,,,,0,,
401696212,2025-07-03,TOR,NYY,0.0,-1,totals,33,10.476277554787211,0.0,13,,,,0,,
401696213,2025-07-03,CHC,CLE,0.0,-1,totals,33,9.863617493403659,0.0,1,,,,0,,
401696214,2025-07-03,COL,HOU,0.0,-1,totals,33,8.94511986620648,0.0,13,,,,0,,
401696215,2025-07-03,LAD,CHW,0.0,-1,totals,33,8.127833629716788,0.0,8,,,,0,,
401696216,2025-07-03,SEA,KC,0.0,-1,totals,33,8.173086372720654,0.0,5,,,,0,,
401696217,2025-07-03,ARI,SF,0.0,-1,totals,33,8.708764190583786,0.0,9,,,,0,,
401696303,2025-07-10,CIN,MIA,0.0,-1,totals,34,10.480413588199564,0.0,6,,,,0,,
401696304,2025-07-10,BAL,NYM,0.0,-1,totals,34,10.112176816668955,0.0,4,,,,0,,
401696305,2025-07-10,NYY,SEA,0.0,-1,totals,34,9.154070383234277,0.0,11,,,,0,,
401696306,2025-07-10,BOS,TB,0.0,-1,totals,34,7.022403432961515,0.0,7,,,,0,,
401696307,2025-07-10,MIN,CHC,0.0,-1,totals,34,7.888151388554624,0.0,9,,,,0,,
401696309,2025-07-10,STL,WSH,0.0,-1,totals,34,9.134738063805255,0.0,9,,,,0,,
401696310,2025-07-10,SD,ARI,0.0,-1,totals,34,9.388570076073002,0.0,7,,,,0,,
401696312,2025-07-10,LAA,TEX,0.0,-1,totals,34,8.843916866914352,0.0,15,,,,0,,
401764566,2025-07-10,ATH,ATL,0.0,-1,totals,34,7.98210208869715,0.0,9,,,,0,,
401800369,2025-07-10,BAL,NYM,0.0,-1,totals,34,9.43389435537959,0.0,10,,,,0,,
401696389,2025-07-20,PHI,LAA,0.0,-1,totals,35,8.222876708517928,0.0,10,,,,0,,
401696390,2025-07-20,TB,BAL,0.0,-1,totals,35,7.451040192472621,0.0,8,,,,0,,
401696391,2025-07-20,PIT,CHW,0.0,-1,totals,35,7.100844783983723,0.0,9,,,,0,,
401696392,2025-07-20,NYM,CIN,0.0,-1,totals,35,8.08318853140476,0.0,5,,,,0,,
401696393,2025-07-20,MIA,KC,0.0,-1,totals,35,8.898488341915025,0.0,11,,,,0,,
401696394,2025-07-20,ATL,NYY,0.0,-1,totals,35,10.739007553465864,0.0,6,,,,0,,
401696395,2025-07-20,CLE,ATH,0.0,-1,totals,35,8.62457573702292,0.0,10,,,,0,,
401696396,2025-07-20,WSH,SD,0.0,-1,totals,35,8.560013166678957,0.0,9,,,,0,,
401696397,2025-07-20,TOR,SF,0.0,-1,totals,35,9.429815679951774,0.0,14,,,,0,,
401696398,2025-07-20,CHC,BOS,0.0,-1,totals,35,10.008241488052924,0.0,7,,,,0,,
401696399,2025-07-20,TEX,DET,0.0,-1,totals,35,8.50213311344425,0.0,3,,,,0,,
401696400,2025-07-20,COL,MIN,0.0,-1,totals,35,9.295717224782528,0.0,8,,,,0,,
401696401,2025-07-20,SEA,HOU,0.0,-1,totals,35,8.615686969308346,0.0,14,,,,0,,
401696402,2025-07-20,LAD,MIL,0.0,-1,totals,35,8.671151852926425,0.0,11,,,,0,,
401696403,2025-07-20,ARI,STL,0.0,-1,totals,35,9.354546868814534,0.0,8,,,,0,,
401696484,2025-07-27,PIT,ARI,0.0,-1,totals,36,8.954003471490022,0.0,6,,,,0,,
401696485,2025-07-27,BAL,COL,0.0,-1,totals,36,8.639674960808001,0.0,6,,,,0,,
401696486,2025-07-27,BOS,LAD,0.0,-1,totals,36,7.944940773460477,0.0,7,,,,0,,
401696487,2025-07-27,NYY,PHI,0.0,-1,totals,36,7.855843847880879,0.0,7,,,,0,,
401696488,2025-07-27,CIN,TB,0.0,-1,totals,36,9.523429426171816,0.0,3,,,,0,,
401696489,2025-07-27,DET,TOR,0.0,-1,totals,36,10.144928616404833,0.0,14,,,,0,,
401696490,2025-07-27,TEX,ATL,0.0,-1,totals,36,9.46087205765264,0.0,9,,,,0,,
401696491,2025-07-27,CHW,CHC,0.0,-1,totals,36,10.129975590854544,0.0,9,,,,0,,
401696492,2025-07-27,KC,CLE,0.0,-1,totals,36,9.67833948963106,0.0,5,,,,0,,
401696493,2025-07-27,MIL,MIA,0.0,-1,totals,36,8.30060610165376,0.0,5,,,,0,,
401696494,2025-07-27,HOU,ATH,0.0,-1,totals,36,8.705792574898478,0.0,8,,,,0,,
401696495,2025-07-27,STL,SD,0.0,-1,totals,36,8.847565046676383,0.0,11,,,,0,,
401696496,2025-07-27,MIN,WSH,0.0,-1,totals,36,8.057364378534125,0.0,9,,,,0,,
401696497,2025-07-27,SF,NYM,0.0,-1,totals,36,8.928542369078915,0.0,8,,,,0,,
401696498,2025-07-27,LAA,SEA,0.0,-1,totals,36,8.155970729650996,0.0,5,,,,0,,
401696577,2025-08-03,PHI,DET,0.0,-1,totals,37,9.34658002064344,0.0,2,,,,0,,
401696578,2025-08-03,BOS,HOU,0.0,-1,totals,37,8.98509742661286,0.0,7,,,,0,,
401696579,2025-08-03,TOR,KC,0.0,-1,totals,37,9.58416498321875,0.0,11,,,,0,,
401696580,2025-08-03,TB,LAD,0.0,-1,totals,37,8.166761491752176,0.0,3,,,,0,,
401696581,2025-08-03,WSH,MIL,0.0,-1,totals,37,9.307743935758694,0.0,17,,,,0,,
401696582,2025-08-03,CLE,MIN,0.0,-1,totals,37,8.743452624697333,0.0,9,,,,0,,
401696583,2025-08-03,MIA,NYY,0.0,-1,totals,37,9.437503746224078,0.0,10,,,,0,,
401696584,2025-08-03,NYM,SF,0.0,-1,totals,37,9.35234824095443,0.0,16,,,,0,,
401696585,2025-08-03,CHC,BAL,0.0,-1,totals,37,9.41669545864442,0.0,8,,,,0,,
401696586,2025-08-03,COL,PIT,0.0,-1,totals,37,11.205037096679789,0.0,14,,,,0,,
401696588,2025-08-03,LAA,CHW,0.0,-1,totals,37,8.812110142539527,0.0,13,,,,0,,
401696589,2025-08-03,SD,STL,0.0,-1,totals,37,6.433279161322918,0.0,10,,,,0,,
401696590,2025-08-03,SEA,TEX,0.0,-1,totals,37,8.932564341748913,0.0,9,,,,0,,
401764575,2025-08-03,ATH,ARI,0.0,-1,totals,37,8.236650937956819,0.0,10,,,,0,,
401696668,2025-08-10,DET,LAA,0.0,-1,totals,38,8.853230234326354,0.0,14,,,,0,,
401696669,2025-08-10,PIT,CIN,0.0,-1,totals,38,9.005952492459098,0.0,22,,,,0,,
401696670,2025-08-10,NYY,HOU,0.0,-1,totals,38,9.690190797919925,0.0,8,,,,0,,
401696671,2025-08-10,ATL,MIA,0.0,-1,totals,38,9.745320595576251,0.0,8,,,,0,,
401696672,2025-08-10,BAL,ATH,0.0,-1,totals,38,11.01145948521269,0.0,5,,,,0,,
401696673,2025-08-10,STL,CHC,0.0,-1,totals,38,9.449457102601418,0.0,5,,,,0,,
401696674,2025-08-10,CHW,CLE,0.0,-1,totals,38,9.476002311414927,0.0,10,,,,0,,
401696675,2025-08-10,MIN,KC,0.0,-1,totals,38,8.567630773549244,0.0,8,,,,0,,
401696676,2025-08-10,MIL,NYM,0.0,-1,totals,38,9.75321854275343,0.0,13,,,,0,,
401696677,2025-08-10,TEX,PHI,0.0,-1,totals,38,9.296063993125161,0.0,6,,,,0,,
401696678,2025-08-10,SD,BOS,0.0,-1,totals,38,8.47698475712112,0.0,8,,,,0,,
401696679,2025-08-10,ARI,COL,0.0,-1,totals,38,7.860842866672119,0.0,19,,,,0,,
401696680,2025-08-10,SEA,TB,0.0,-1,totals,38,9.056240867003915,0.0,9,,,,0,,
401696681,2025-08-10,LAD,TOR,0.0,-1,totals,38,9.9238703262982,0.0,9,,,,0,,
401696682,2025-08-10,SF,WSH,0.0,-1,totals,38,8.909987877265594,0.0,8,,,,0,,
401696761,2025-08-17,CLE,ATL,0.0,-1,totals,39,10.217660255320627,0.0,9,,,,0,,
401696762,2025-08-17,BOS,MIA,0.0,-1,totals,39,9.171767350703375,0.0,8,,,,0,,
401696763,2025-08-17,CIN,MIL,0.0,-1,totals,39,10.442679687939687,0.0,5,,,,0,,
401696764,2025-08-17,WSH,PHI,0.0,-1,totals,39,8.215330568433393,0.0,20,,,,0,,
401696765,2025-08-17,NYM,SEA,0.0,-1,totals,39,11.208327526076909,0.0,10,,,,0,,
401696766,2025-08-17,TOR,TEX,0.0,-1,totals,39,8.141158765374495,0.0,14,,,,0,,
401696767,2025-08-17,HOU,BAL,0.0,-1,totals,39,9.068334934750133,0.0,12,,,,0,,
401696768,2025-08-17,KC,CHW,0.0,-1,totals,39,9.201287461679145,0.0,8,,,,0,,
401696769,2025-08-17,MIN,DET,0.0,-1,totals,39,10.383800310349674,0.0,9,,,,0,,
401696770,2025-08-17,STL,NYY,0.0,-1,totals,39,9.63306840904489,0.0,12,,,,0,,
401696771,2025-08-17,CHC,PIT,0.0,-1,totals,39,7.779638981168206,0.0,7,,,,0,,
401696772,2025-08-17,COL,ARI,0.0,-1,totals,39,10.578660742512541,0.0,11,,,,0,,
401696774,2025-08-17,LAD,SD,0.0,-1,totals,39,7.2833470899843835,0.0,9,,,,0,,
401696775,2025-08-17,SF,TB,0.0,-1,totals,39,9.601891054163701,0.0,8,,,,0,,
401764581,2025-08-17,ATH,LAA,0.0,-1,totals,39,8.888816448217673,0.0,16,,,,0,,
401696855,2025-08-24,NYY,BOS,0.0,-1,totals,40,9.870848474913226,0.0,9,,,,0,,
401696856,2025-08-24,PIT,COL,0.0,-1,totals,40,10.789272796860729,0.0,4,,,,0,,
401696857,2025-08-24,BAL,HOU,0.0,-1,totals,40,8.707674467747257,0.0,5,,,,0,,
401696858,2025-08-24,DET,KC,0.0,-1,totals,40,7.932770557258127,0.0,18,,,,0,,
401696859,2025-08-24,ATL,NYM,0.0,-1,totals,40,12.758247030338165,0.0,7,,,,0,,
401696860,2025-08-24,TB,STL,0.0,-1,totals,40,11.069487979690457,0.0,9,,,,0,,
401696861,2025-08-24,MIA,TOR,0.0,-1,totals,40,8.680361689554884,0.0,8,,,,0,,
401696862,2025-08-24,PHI,WSH,0.0,-1,totals,40,9.354206746999932,0.0,5,,,,0,,
401696863,2025-08-24,TEX,CLE,0.0,-1,totals,40,9.612730316457574,0.0,5,,,,0,,
401696864,2025-08-24,CHW,MIN,0.0,-1,totals,40,9.47704993363055,0.0,8,,,,0,,
401696865,2025-08-24,MIL,SF,0.0,-1,totals,40,8.850640680642318,0.0,7,,,,0,,
401696866,2025-08-24,LAA,CHC,0.0,-1,totals,40,8.878858917610042,0.0,7,,,,0,,
401696867,2025-08-24,ARI,CIN,0.0,-1,totals,40,8.757751404255053,0.0,7,,,,0,,
401696868,2025-08-24,SD,LAD,0.0,-1,totals,40,7.644401287619523,0.0,10,,,,0,,
401696869,2025-08-24,SEA,ATH,0.0,-1,totals,40,9.657180755031273,0.0,15,,,,0,,
401696951,2025-08-31,PHI,ATL,0.0,-1,totals,41,8.81610922435134,0.0,4,,,,0,,
401696952,2025-08-31,NYM,MIA,0.0,-1,totals,41,9.985256753970848,0.0,6,,,,0,,
401696953,2025-08-31,TOR,MIL,0.0,-1,totals,41,9.352738857965592,0.0,12,,,,0,,
401696954,2025-08-31,BOS,PIT,0.0,-1,totals,41,9.098378433037691,0.0,7,,,,0,,
401696955,2025-08-31,CLE,SEA,0.0,-1,totals,41,7.691879298011777,0.0,6,,,,0,,
401696956,2025-08-31,CIN,STL,0.0,-1,totals,41,8.168151121423554,0.0,11,,,,0,,
401696957,2025-08-31,WSH,TB,0.0,-1,totals,41,7.349817128590008,0.0,11,,,,0,,
401696958,2025-08-31,HOU,LAA,0.0,-1,totals,41,7.779155431410715,0.0,3,,,,0,,
401696959,2025-08-31,KC,DET,0.0,-1,totals,41,8.80203671888681,0.0,5,,,,0,,
401696960,2025-08-31,CHW,NYY,0.0,-1,totals,41,10.099004170042353,0.0,5,,,,0,,
401696961,2025-08-31,MIN,SD,0.0,-1,totals,41,9.278488660017828,0.0,9,,,,0,,
401696962,2025-08-31,COL,CHC,0.0,-1,totals,41,7.86200064793559,0.0,11,,,,0,,
401696963,2025-08-31,LAD,ARI,0.0,-1,totals,41,8.430166535873003,0.0,9,,,,0,,
401696964,2025-08-31,SF,BAL,0.0,-1,totals,41,8.605563721227156,0.0,15,,,,0,,
401764587,2025-08-31,ATH,TEX,0.0,-1,totals,41,9.07946592552495,0.0,15,,,,0,,
401697044,2025-09-07,DET,CHW,0.0,-1,totals,42,9.263151354948063,0.0,10,,,,0,,
401697045,2025-09-07,TB,CLE,0.0,-1,totals,42,8.682989282392462,0.0,3,,,,0,,
401697046,2025-09-07,BAL,LAD,0.0,-1,totals,42,9.438788961535433,0.0,7,,,,0,,
401697047,2025-09-07,PIT,MIL,0.0,-1,totals,42,9.416327675832612,0.0,12,,,,0,,
401697048,2025-09-07,CIN,NYM,0.0,-1,totals,42,8.875414557158486,0.0,5,,,,0,,
401697049,2025-09-07,MIA,PHI,0.0,-1,totals,42,10.497529715745195,0.0,9,,,,0,,
401697050,2025-09-07,ATL,SEA,0.0,-1,totals,42,11.490348001704197,0.0,20,,,,0,,
401697051,2025-09-07,NYY,TOR,0.0,-1,totals,42,9.693252714636522,0.0,7,,,,0,,
401697052,2025-09-07,TEX,HOU,0.0,-1,totals,42,8.895273374782935,0.0,6,,,,0,,
401697053,2025-09-07,KC,MIN,0.0,-1,totals,42,9.269391081030253,0.0,6,,,,0,,
401697054,2025-09-07,STL,SF,0.0,-1,totals,42,8.159075409583215,0.0,7,,,,0,,
401697055,2025-09-07,CHC,WSH,0.0,-1,totals,42,8.189118678506137,0.0,9,,,,0,,
401697056,2025-09-07,COL,SD,0.0,-1,totals,42,9.236008890171973,0.0,9,,,,0,,
401697057,2025-09-07,ARI,BOS,0.0,-1,totals,42,9.251569873372139,0.0,11,,,,0,,
401697058,2025-09-07,LAA,ATH,0.0,-1,totals,42,13.17558345454551,0.0,7,,,,0,,
401697139,2025-09-14,TOR,BAL,0.0,-1,totals,43,8.800637589326232,0.0,13,,,,0,,
401697140,2025-09-14,CLE,CHW,0.0,-1,totals,43,8.175429030946487,0.0,5,,,,0,,
401697141,2025-09-14,MIA,DET,0.0,-1,totals,43,8.776908015519846,0.0,2,,,,0,,
401697142,2025-09-14,ATL,HOU,0.0,-1,totals,43,9.480499657273775,0.0,11,,,,0,,
401697143,2025-09-14,PHI,KC,0.0,-1,totals,43,7.36309818548324,0.0,13,,,,0,,
401697144,2025-09-14,BOS,NYY,0.0,-1,totals,43,9.33063071317617,0.0,10,,,,0,,
401697145,2025-09-14,WSH,PIT,0.0,-1,totals,43,8.775942297546395,0.0,7,,,,0,,
401697146,2025-09-14,NYM,TEX,0.0,-1,totals,43,9.298710468165968,0.0,7,,,,0,,
401697147,2025-09-14,MIN,ARI,0.0,-1,totals,43,9.516079708305405,0.0,10,,,,0,,
401697148,2025-09-14,MIL,STL,0.0,-1,totals,43,8.296451792660736,0.0,5,,,,0,,
401697149,2025-09-14,CHC,TB,0.0,-1,totals,43,7.565618577856412,0.0,7,,,,0,,
401697150,2025-09-14,SEA,LAA,0.0,-1,totals,43,8.023870649525978,0.0,13,,,,0,,
401697152,2025-09-14,SD,COL,0.0,-1,totals,43,8.60326179452502,0.0,15,,,,0,,
401697153,2025-09-14,SF,LAD,0.0,-1,totals,43,11.584350973017562,0.0,12,,,,0,,
401764593,2025-09-14,ATH,CIN,0.0,-1,totals,43,8.689170767064061,0.0,11,,,,0,,
401697233,2025-09-21,DET,ATL,0.0,-1,totals,44,10.287836659402494,0.0,8,,,,0,,
401697234,2025-09-21,TB,BOS,0.0,-1,totals,44,9.413643366947749,0.0,10,,,,0,,
401697235,2025-09-21,CIN,CHC,0.0,-1,totals,44,7.454351852578384,0.0,1,,,,0,,
401697236,2025-09-21,BAL,NYY,0.0,-1,totals,44,8.018222675130499,0.0,8,,,,0,,
401697237,2025-09-21,PIT,ATH,0.0,-1,totals,44,8.3426971922053,0.0,11,,,,0,,
401697238,2025-09-21,NYM,WSH,0.0,-1,totals,44,9.57016215380645,0.0,5,,,,0,,
401697239,2025-09-21,MIN,CLE,0.0,-1,totals,44,8.138261600952374,0.0,8,,,,0,,
401697240,2025-09-21,TEX,MIA,0.0,-1,totals,44,8.052871767694423,0.0,6,,,,0,,
401697241,2025-09-21,STL,MIL,0.0,-1,totals,44,9.00843367181437,0.0,6,,,,0,,
401697242,2025-09-21,CHW,SD,0.0,-1,totals,44,8.370670859758429,0.0,5,,,,0,,
401697243,2025-09-21,HOU,SEA,0.0,-1,totals,44,8.268617028650942,0.0,10,,,,0,,
401697244,2025-09-21,KC,TOR,0.0,-1,totals,44,8.98861805287217,0.0,13,,,,0,,
401697245,2025-09-21,COL,LAA,0.0,-1,totals,44,8.173124007196277,0.0,4,,,,0,,
401697246,2025-09-21,ARI,PHI,0.0,-1,totals,44,7.9659597217479,0.0,11,,,,0,,
401697247,2025-09-21,LAD,SF,0.0,-1,totals,44,8.745458069657003,0.0,4,,,,0,,
401697323,2025-09-28,NYY,BAL,0.0,-1,totals,45,8.226422829178226,0.0,5,,,,0,,
401697324,2025-09-28,WSH,CHW,0.0,-1,totals,45,8.6018455699345,0.0,8,,,,0,,
401697325,2025-09-28,BOS,DET,0.0,-1,totals,45,8.666502325428773,0.0,7,,,,0,,
401697326,2025-09-28,PHI,MIN,0.0,-1,totals,45,9.418142102168162,0.0,3,,,,0,,
401697327,2025-09-28,MIA,NYM,0.0,-1,totals,45,8.716582756563295,0.0,4,,,,0,,
401697328,2025-09-28,ATL,PIT,0.0,-1,totals,45,7.611827802808522,0.0,5,,,,0,,
401697329,2025-09-28,TOR,TB,0.0,-1,totals,45,10.096638801694304,0.0,17,,,,0,,
401697330,2025-09-28,CLE,TEX,0.0,-1,totals,45,8.904593797672025,0.0,17,,,,0,,
401697331,2025-09-28,MIL,CIN,0.0,-1,totals,45,9.300304409265546,0.0,6,,,,0,,
401697332,2025-09-28,CHC,STL,0.0,-1,totals,45,10.365937596123047,0.0,2,,,,0,,
401697333,2025-09-28,SD,ARI,0.0,-1,totals,45,10.287999349337131,0.0,16,,,,0,,
401697334,2025-09-28,SF,COL,0.0,-1,totals,45,8.065043513478592,0.0,4,,,,0,,
401697335,2025-09-28,LAA,HOU,0.0,-1,totals,45,8.603393828348324,0.0,8,,,,0,,
401697337,2025-09-28,SEA,LAD,0.0,-1,totals,45,8.144361951706518,0.0,7,,,,0,,
401764599,2025-09-28,ATH,KC,0.0,-1,totals,45,9.091710608561431,0.0,11,,,,0,,
401809265,2025-10-07,NYY,TOR,0.0,-1,totals,46,9.516183318214996,0.0,15,,,,0,,
401809270,2025-10-07,DET,SEA,0.0,-1,totals,46,8.923799028773615,0.0,12,,,,0,,
401809291,2025-10-14,MIL,LAD,0.0,-1,totals,47,8.687677679171781,0.0,6,,,,0,,
401809298,2025-10-25,TOR,LAD,0.0,-1,totals,48,8.329073123085754,0.0,6,,,,0,,
401833003,2026-02-28,ATH,SF,0.0,-1,totals,50,9.279702734309804,0.0,10,,,,0,,
401833004,2026-02-28,BAL,ATL,0.0,-1,totals,50,9.742769393827025,0.0,12,,,,0,,
401833005,2026-02-28,BOS,MIN,0.0,-1,totals,50,9.432534280209097,0.0,21,,,,0,,
401833006,2026-02-28,CLE,CHW,0.0,-1,totals,50,10.426644877812407,0.0,12,,,,0,,
401833007,2026-02-28,COL,KC,0.0,-1,totals,50,9.286668191108818,0.0,19,,,,0,,
401833008,2026-02-28,HOU,PIT,0.0,-1,totals,50,8.928006192984622,0.0,7,,,,0,,
401833009,2026-02-28,LAA,ARI,0.0,-1,totals,50,9.10648547148094,0.0,13,,,,0,,
401833010,2026-02-28,LAD,CHC,0.0,-1,totals,50,10.08039140659664,0.0,8,,,,0,,
401833011,2026-02-28,MIA,STL,0.0,-1,totals,50,9.999144309511932,0.0,12,,,,0,,
401833012,2026-02-28,MIL,CIN,0.0,-1,totals,50,10.34233222826768,0.0,16,,,,0,,
401833013,2026-02-28,NYM,WSH,0.0,-1,totals,50,8.261290936634829,0.0,5,,,,0,,
401833014,2026-02-28,NYY,TOR,0.0,-1,totals,50,9.168026973383817,0.0,6,,,,0,,
401833015,2026-02-28,SD,SEA,0.0,-1,totals,50,9.35582381582807,0.0,8,,,,0,,
401833016,2026-02-28,TB,DET,0.0,-1,totals,50,9.495756045709829,0.0,15,,,,0,,
401833017,2026-02-28,TEX,LAD,0.0,-1,totals,50,9.085003546901856,0.0,13,,,,0,,
401833018,2026-02-28,TOR,PHI,0.0,-1,totals,50,9.840392268553863,0.0,12,,,,0,,
401833086,2026-03-07,ATH,LAA,0.0,-1,totals,51,10.850891823940144,0.0,3,,,,0,,
401833087,2026-03-07,ATL,BAL,0.0,-1,totals,51,10.014069395190964,0.0,4,,,,0,,
401833088,2026-03-07,BAL,MIN,0.0,-1,totals,51,9.06106275531048,0.0,5,,,,0,,
401833089,2026-03-07,BOS,TB,0.0,-1,totals,51,9.860453012699331,0.0,2,,,,0,,
401833090,2026-03-07,CHC,ATH,0.0,-1,totals,51,11.785329635145338,0.0,7,,,,0,,
401833091,2026-03-07,CLE,SD,0.0,-1,totals,51,10.15606002772909,0.0,8,,,,0,,
401833092,2026-03-07,DET,PIT,0.0,-1,totals,51,10.451089553991888,0.0,8,,,,0,,
401833093,2026-03-07,HOU,MIA,0.0,-1,totals,51,7.985700003831192,0.0,9,,,,0,,
401833094,2026-03-07,KC,CIN,0.0,-1,totals,51,10.729021188074423,0.0,8,,,,0,,
401833095,2026-03-07,LAA,MIL,0.0,-1,totals,51,9.663151573372625,0.0,8,,,,0,,
401833096,2026-03-07,LAD,COL,0.0,-1,totals,51,9.264038171163005,0.0,10,,,,0,,
401833097,2026-03-07,PHI,TOR,0.0,-1,totals,51,10.14530093317468,0.0,1,,,,0,,
401833098,2026-03-07,SF,TEX,0.0,-1,totals,51,10.49100917952633,0.0,12,,,,0,,
401833099,2026-03-07,SEA,CHW,0.0,-1,totals,51,7.759544042312604,0.0,6,,,,0,,
401833100,2026-03-07,STL,NYM,0.0,-1,totals,51,9.825189500743587,0.0,5,,,,0,,
401833101,2026-03-07,WSH,NYY,0.0,-1,totals,51,8.703183293113035,0.0,3,,,,0,,
401834055,2026-03-07,ARI,SF,0.0,-1,totals,51,10.119801596762086,0.0,11,,,,0,,
401833189,2026-03-14,ATH,KC,0.0,-1,totals,52,8.711713245261043,0.0,13,,,,0,,
401833190,2026-03-14,ATL,BOS,0.0,-1,totals,52,10.102087604324318,0.0,11,,,,0,,
401833191,2026-03-14,CHW,LAD,0.0,-1,totals,52,10.345316724870571,0.0,9,,,,0,,
401833192,2026-03-14,CIN,TEX,0.0,-1,totals,52,8.914311790232082,0.0,7,,,,0,,
401833193,2026-03-14,COL,CHC,0.0,-1,totals,52,8.876722369261838,0.0,7,,,,0,,
401833194,2026-03-14,HOU,NYM,0.0,-1,totals,52,8.671129526842803,0.0,10,,,,0,,
401833195,2026-03-14,LAA,SEA,0.0,-1,totals,52,10.165276022740546,0.0,8,,,,0,,
401833196,2026-03-14,MIA,STL,0.0,-1,totals,52,8.363382448512734,0.0,14,,,,0,,
401833197,2026-03-14,MIL,COL,0.0,-1,totals,52,9.04303775255704,0.0,12,,,,0,,
401833198,2026-03-14,MIN,TB,0.0,-1,totals,52,9.868819419209231,0.0,15,,,,0,,
401833199,2026-03-14,NYY,PHI,0.0,-1,totals,52,11.386846407931863,0.0,10,,,,0,,
401833200,2026-03-14,PIT,BAL,0.0,-1,totals,52,9.772761593731564,0.0,14,,,,0,,
401833201,2026-03-14,SD,CLE,0.0,-1,totals,52,8.500724946876435,0.0,13,,,,0,,
401833202,2026-03-14,SF,ARI,0.0,-1,totals,52,8.786632933139224,0.0,15,,,,0,,
401833203,2026-03-14,TEX,SD,0.0,-1,totals,52,10.116706045344177,0.0,24,,,,0,,
401833204,2026-03-14,TOR,DET,0.0,-1,totals,52,10.861098061864709,0.0,7,,,,0,,
401833205,2026-03-14,WSH,MIA,0.0,-1,totals,52,8.536459586255212,0.0,5,,,,0,,
401833291,2026-03-21,ARI,TEX,0.0,-1,totals,53,11.104248923469232,0.0,7,,,,0,,
401833292,2026-03-21,BAL,PHI,0.0,-1,totals,53,9.811017066684668,0.0,18,,,,0,,
401833293,2026-03-21,BOS,ATL,0.0,-1,totals,53,7.693272003436245,0.0,7,,,,0,,
401833294,2026-03-21,CIN,CHW,0.0,-1,totals,53,7.855568664543064,0.0,18,,,,0,,
401833295,2026-03-21,DET,NYY,0.0,-1,totals,53,9.83161979017274,0.0,4,,,,0,,
401833296,2026-03-21,KC,COL,0.0,-1,totals,53,10.415538856086627,0.0,11,,,,0,,
401833297,2026-03-21,LAD,ATH,0.0,-1,totals,53,10.814795118037337,0.0,10,,,,0,,
401833298,2026-03-21,MIL,SD,0.0,-1,totals,53,11.94782906258298,0.0,7,,,,0,,
401833299,2026-03-21,NYM,HOU,0.0,-1,totals,53,9.754114967403474,0.0,12,,,,0,,
401833300,2026-03-21,PIT,TOR,0.0,-1,totals,53,8.909002709068089,0.0,11,,,,0,,
401833301,2026-03-21,SF,CLE,0.0,-1,totals,53,10.275836523742178,0.0,17,,,,0,,
401833302,2026-03-21,SEA,CHC,0.0,-1,totals,53,10.430958538797384,0.0,8,,,,0,,
401833303,2026-03-21,STL,MIA,0.0,-1,totals,53,9.384458989691357,0.0,11,,,,0,,
401833304,2026-03-21,TB,MIN,0.0,-1,totals,53,9.690336467094767,0.0,5,,,,0,,
401833305,2026-03-21,WSH,NYM,0.0,-1,totals,53,9.270309018910947,0.0,4,,,,0,,
401814707,2026-03-28,TOR,ATH,8.0,1,totals,54,8.69721539634661,8.0,15,1.0,1.0,0.6972153963466106,0,0.6162025660577685,0.60-0.65
401814708,2026-03-28,CIN,BOS,7.5,0,totals,54,9.577109957621808,7.5,11,1.0,1.0,2.0771099576218077,1,0.846184992936968,0.65+
401814709,2026-03-28,MIA,COL,7.5,1,totals,54,9.458152240531966,7.5,7,1.0,0.0,1.958152240531966,1,0.8263587067553277,0.65+
401814710,2026-03-28,ATL,KC,8.5,1,totals,54,7.659688745090927,8.5,8,0.0,0.0,0.8403112549090732,0,0.6400518758181789,0.60-0.65
401814711,2026-03-28,BAL,MIN,7.5,1,totals,54,10.611672601023033,7.5,5,1.0,0.0,3.1116726010230327,1,0.9,0.65+
401814712,2026-03-28,NYM,PIT,7.5,1,totals,54,9.938383047198876,7.5,6,1.0,0.0,2.438383047198876,1,0.9,0.65+
401814713,2026-03-28,PHI,TEX,7.5,1,totals,54,9.951269475182777,7.5,9,1.0,1.0,2.4512694751827766,1,0.9,0.65+
401814714,2026-03-28,HOU,LAA,9.0,1,totals,54,9.060732451229295,9.0,20,1.0,1.0,0.06073245122929549,0,0.5101220752048826,<=0.53
401814715,2026-03-28,MIL,CHW,8.0,1,totals,54,9.183428876380457,8.0,7,1.0,0.0,1.1834288763804572,0,0.6972381460634095,0.65+
401814716,2026-03-28,STL,TB,7.5,0,totals,54,8.927835427104116,7.5,11,1.0,1.0,1.4278354271041156,0,0.7379725711840193,0.65+
401814717,2026-03-28,CHC,WSH,8.5,1,totals,54,10.91155834399088,8.5,12,1.0,1.0,2.4115583439908796,1,0.9,0.65+
401814718,2026-03-28,LAD,ARI,8.5,1,totals,54,10.797499686621746,8.5,5,1.0,0.0,2.2974996866217463,1,0.8829166144369578,0.65+
401814719,2026-03-28,SEA,CLE,7.0,1,totals,54,10.956989238535304,7.0,11,1.0,1.0,3.9569892385353036,1,0.9,0.65+
401814720,2026-03-28,SD,DET,8.0,1,totals,54,10.169057665337528,8.0,3,1.0,0.0,2.1690576653375278,1,0.8615096108895879,0.65+
401814734,2026-03-28,SF,NYY,8.5,0,totals,54,9.510284241602132,8.5,4,1.0,0.0,1.0102842416021325,0,0.6683807069336888,0.65+
401814797,2026-04-04,PIT,BAL,8.5,1,totals,55,9.642996988248619,8.5,5,1.0,0.0,1.142996988248619,0,0.6904994980414365,0.65+
401814799,2026-04-04,WSH,LAD,9.5,0,totals,55,9.35862104606202,9.5,15,0.0,1.0,0.1413789539379806,0,0.5235631589896634,<=0.53
401814800,2026-04-04,NYY,MIA,7.5,1,totals,55,8.811114570801738,7.5,16,1.0,1.0,1.3111145708017382,0,0.718519095133623,0.65+
401814801,2026-04-04,BOS,SD,7.5,1,totals,55,10.834186669624026,7.5,5,1.0,0.0,3.3341866696240263,1,0.9,0.65+
401814802,2026-04-04,DET,STL,7.5,1,totals,55,7.779366221625578,7.5,17,1.0,1.0,0.2793662216255779,0,0.5465610369375963,0.53-0.56
401814803,2026-04-04,TEX,CIN,8.5,1,totals,55,8.255823858990313,8.5,2,0.0,0.0,0.244176141009687,0,0.5406960235016145,0.53-0.56
401814804,2026-04-04,KC,MIL,8.5,0,totals,55,8.667796164566727,8.5,7,1.0,0.0,0.1677961645667274,0,0.5279660274277879,<=0.53
401814805,2026-04-04,MIN,TB,8.0,0,totals,55,10.320366197242262,8.0,8,1.0,0.0,2.3203661972422616,1,0.886727699540377,0.65+
401814806,2026-04-04,CHW,TOR,8.5,0,totals,55,9.266586492128786,8.5,9,1.0,1.0,0.7665864921287859,0,0.6277644153547977,0.60-0.65
401814807,2026-04-04,COL,PHI,10.0,0,totals,55,9.183568224385112,10.0,3,0.0,0.0,0.8164317756148876,0,0.6360719626024812,0.60-0.65
401814808,2026-04-04,ARI,ATL,9.5,1,totals,55,9.140897003242376,9.5,3,0.0,0.0,0.359102996757624,0,0.559850499459604,0.53-0.56
401814809,2026-04-04,ATH,HOU,9.5,1,totals,55,9.039034589161904,9.5,11,0.0,1.0,0.46096541083809583,0,0.576827568473016,0.56-0.60
401814810,2026-04-04,SF,NYM,7.5,1,totals,55,8.438515435693992,7.5,9,1.0,1.0,0.9385154356939918,0,0.6564192392823319,0.65+
401814811,2026-04-04,LAA,SEA,9.5,0,totals,55,10.161463139152522,9.5,1,1.0,0.0,0.6614631391525219,0,0.6102438565254203,0.60-0.65
401867376,2026-04-04,KC,MIL,8.0,1,totals,55,9.182015733779895,8.0,10,1.0,1.0,1.1820157337798953,0,0.6970026222966492,0.65+
