game_id,date,time,home_team,away_team,odds_data_quality,odds_over_under,home_moneyline_odds,away_moneyline_odds,closing_moneyline_odds,closing_spread_odds,closing_total_odds,snapshot_ts
401803179,2026-01-26,19:00,CBJ,LAK,real,6.5,-118.0,-102.0,-118.0,215.0,110.0,2026-07-30T08:31:21.419333+00:00
401803598,2026-04-09,18:00,BUF,CBJ,real,6.5,-125.0,105.0,-125.0,200.0,105.0,2026-04-09T00:35:37.563254-06:00
401803599,2026-04-09,18:00,MTL,TBL,real,6.5,-105.0,-115.0,-115.0,-250.0,100.0,2026-04-09T00:35:37.563254-06:00
401803600,2026-04-09,18:00,OTT,FLA,real,6.5,-285.0,230.0,-285.0,-105.0,-102.0,2026-04-09T00:35:37.563254-06:00
401803601,2026-04-09,18:00,DET,PHI,real,6.5,-125.0,105.0,-125.0,195.0,110.0,2026-04-09T00:35:37.563254-06:00
401803602,2026-04-09,18:00,NJD,PIT,real,6.5,-108.0,-112.0,-112.0,-278.0,-110.0,2026-04-09T00:35:37.563254-06:00
401803603,2026-04-09,17:45,NYI,TOR,real,6.5,-258.0,210.0,-258.0,105.0,100.0,2026-04-09T00:35:37.563254-06:00
401803604,2026-04-09,19:00,STL,WPG,real,5.5,-115.0,-105.0,-115.0,225.0,-112.0,2026-04-09T00:35:37.563254-06:00
401803605,2026-04-09,20:00,DAL,MIN,real,6.5,-125.0,105.0,-125.0,205.0,114.0,2026-04-09T00:35:37.563254-06:00
401803606,2026-04-09,19:30,CHI,CAR,real,6.5,190.0,-230.0,-230.0,-135.0,105.0,2026-04-09T00:35:37.563254-06:00
401803607,2026-04-09,20:00,COL,CGY,real,6.5,-340.0,270.0,-340.0,-120.0,105.0,2026-04-09T00:35:37.563254-06:00
401803608,2026-04-09,20:00,UTA,NSH,real,6.5,-162.0,136.0,-162.0,154.0,110.0,2026-04-09T00:35:37.563254-06:00
401803609,2026-04-09,21:00,ANA,SJS,real,6.5,-175.0,145.0,-175.0,142.0,-120.0,2026-04-09T00:35:37.563254-06:00
401803610,2026-04-09,21:00,SEA,VGK,real,6.5,160.0,-192.0,-192.0,-166.0,114.0,2026-04-09T00:35:37.563254-06:00
401803611,2026-04-09,21:30,LAK,VAN,real,6.5,-278.0,225.0,-278.0,-105.0,114.0,2026-04-09T00:35:37.563254-06:00
401803612,2026-04-11,11:30,BOS,TBL,real,6.5,105.0,-125.0,-125.0,-245.0,114.0,2026-04-10T17:19:56.153863-06:00
401803613,2026-04-11,12:00,NYI,OTT,real,5.5,100.0,-120.0,-120.0,-250.0,-135.0,2026-04-10T17:19:56.153863-06:00
401803614,2026-04-11,14:00,PIT,WSH,real,6.5,-130.0,110.0,-130.0,190.0,-105.0,2026-04-10T17:19:56.153863-06:00
401803615,2026-04-11,15:00,LAK,EDM,real,6.5,-115.0,-105.0,-115.0,210.0,100.0,2026-04-10T17:19:56.153863-06:00
401803616,2026-04-11,16:00,DET,NJD,real,6.5,-142.0,120.0,-142.0,180.0,102.0,2026-04-10T17:19:56.153863-06:00
401803617,2026-04-11,16:00,CHI,STL,real,5.5,110.0,-130.0,-130.0,-230.0,-135.0,2026-04-10T17:19:56.153863-06:00
401803618,2026-04-11,16:00,NSH,MIN,real,6.5,110.0,-130.0,-130.0,-230.0,110.0,2026-04-10T17:19:56.153863-06:00
401803619,2026-04-11,16:00,DAL,NYR,real,5.5,-198.0,164.0,-198.0,140.0,-125.0,2026-04-10T17:19:56.153863-06:00
401803620,2026-04-11,16:00,UTA,CAR,real,6.5,-115.0,-105.0,-115.0,220.0,100.0,2026-04-10T17:19:56.153863-06:00
401803621,2026-04-11,18:00,TOR,FLA,real,6.5,-130.0,110.0,-130.0,195.0,-120.0,2026-04-10T17:19:56.153863-06:00
401803622,2026-04-11,18:00,MTL,CBJ,real,6.5,-142.0,120.0,-142.0,180.0,110.0,2026-04-10T17:19:56.153863-06:00
401803623,2026-04-11,18:00,WPG,PHI,real,5.5,-130.0,110.0,-130.0,190.0,-115.0,2026-04-10T17:19:56.153863-06:00
401803624,2026-04-11,18:00,SEA,CGY,real,6.5,-155.0,130.0,-155.0,180.0,114.0,2026-04-10T17:19:56.153863-06:00
401803625,2026-04-11,19:00,COL,VGK,real,6.5,-135.0,114.0,-135.0,185.0,114.0,2026-04-10T17:19:56.153863-06:00
401803626,2026-04-11,21:00,SJS,VAN,real,6.5,-218.0,180.0,-218.0,114.0,-115.0,2026-04-10T17:19:56.153863-06:00
401803627,2026-04-12,14:00,WSH,PIT,real,6.5,-148.0,124.0,-148.0,154.0,-142.0,2026-04-12T23:15:15.854603-06:00
401803628,2026-04-12,17:00,NYI,MTL,real,6.5,-125.0,105.0,-125.0,195.0,105.0,2026-04-12T23:15:15.854603-06:00
401803629,2026-04-12,17:00,CBJ,BOS,real,6.5,-205.0,170.0,-205.0,130.0,-105.0,2026-04-12T23:15:15.854603-06:00
401803630,2026-04-12,18:00,NJD,OTT,real,6.5,-125.0,105.0,-125.0,205.0,105.0,2026-04-12T23:15:15.854603-06:00
401803631,2026-04-12,19:00,ANA,VAN,real,7.5,-325.0,260.0,-325.0,-130.0,140.0,2026-04-12T23:15:15.854603-06:00
401803632,2026-04-12,20:00,CGY,UTA,real,6.5,136.0,-162.0,-162.0,-185.0,110.0,2026-04-12T23:15:15.854603-06:00
401803633,2026-04-13,18:00,TBL,DET,real,6.5,-205.0,170.0,-205.0,120.0,105.0,2026-04-12T23:15:15.854603-06:00
401803634,2026-04-13,18:00,FLA,NYR,real,6.5,-105.0,-115.0,-115.0,225.0,114.0,2026-04-12T23:15:15.854603-06:00
401803635,2026-04-13,18:00,PHI,CAR,real,5.5,-105.0,-115.0,-115.0,-265.0,-135.0,2026-04-12T23:15:15.854603-06:00
401803636,2026-04-13,18:30,TOR,DAL,real,6.5,142.0,-170.0,-170.0,-192.0,110.0,2026-04-12T23:15:15.854603-06:00
401803637,2026-04-13,19:00,STL,MIN,real,6.5,105.0,-125.0,-125.0,-230.0,114.0,2026-04-12T23:15:15.854603-06:00
401803638,2026-04-13,19:00,NSH,SJS,real,6.5,-155.0,130.0,-155.0,164.0,-105.0,2026-04-12T23:15:15.854603-06:00
401803639,2026-04-13,19:30,CHI,BUF,real,6.5,180.0,-218.0,-218.0,-135.0,102.0,2026-04-12T23:15:15.854603-06:00
401803640,2026-04-13,20:30,EDM,COL,real,6.5,-105.0,-115.0,-115.0,-250.0,-115.0,2026-04-12T23:15:15.854603-06:00
401803641,2026-04-13,21:00,VGK,WPG,real,5.5,-192.0,160.0,-192.0,136.0,-130.0,2026-04-12T23:15:15.854603-06:00
401803642,2026-04-13,20:30,SEA,LAK,real,5.5,124.0,-148.0,-148.0,-225.0,-125.0,2026-04-12T23:15:15.854603-06:00
401869715,2026-04-18,14:00,CAR,OTT,real,6.5,-148.0,124.0,-148.0,164.0,114.0,2026-04-17T23:55:33.129811-06:00
401869716,2026-04-18,16:30,DAL,MIN,real,5.5,-120.0,100.0,-120.0,200.0,-125.0,2026-04-17T23:55:33.129811-06:00
401869717,2026-04-18,19:00,PIT,PHI,real,6.5,-148.0,124.0,-148.0,164.0,110.0,2026-04-17T23:55:33.129811-06:00
401869718,2026-04-19,16:45,TBL,MTL,real,6.5,-185.0,154.0,-185.0,130.0,114.0,2026-04-17T23:55:33.129811-06:00
401869719,2026-04-19,18:30,BUF,BOS,real,6.5,-155.0,130.0,-155.0,160.0,114.0,2026-04-17T23:55:33.129811-06:00
401869720,2026-04-19,21:00,VGK,UTA,real,6.5,-155.0,130.0,-155.0,160.0,114.0,2026-04-17T23:55:33.129811-06:00
401869721,2026-04-19,14:00,COL,LAK,real,5.5,-250.0,205.0,-250.0,105.0,-130.0,2026-04-17T23:55:33.129811-06:00
401869722,2026-04-20,21:00,EDM,ANA,real,6.5,-180.0,150.0,-180.0,140.0,-135.0,2026-04-20T08:13:43.153383+00:00
401869756,2026-04-21,20:30,VGK,UTA,real,6.5,-155.0,130.0,-155.0,160.0,114.0,2026-04-21T07:56:09.821849+00:00
401869757,2026-04-21,18:30,BUF,BOS,real,6.5,-180.0,150.0,-180.0,145.0,105.0,2026-04-21T07:56:09.821849+00:00
401869758,2026-04-24,20:30,UTA,VGK,real,5.5,-108.0,-112.0,-112.0,-270.0,-130.0,2026-04-24T08:09:14.236541+00:00
401869759,2026-04-23,18:00,BOS,BUF,real,6.5,-110.0,-110.0,-110.0,225.0,114.0,2026-04-23T07:59:00.698156+00:00
401869760,2026-04-27,20:30,UTA,VGK,real,5.5,-105.0,-115.0,-115.0,-265.0,-130.0,2026-04-27T08:31:39.243939+00:00
401869761,2026-04-29,21:00,VGK,UTA,real,5.5,-166.0,140.0,-166.0,154.0,-135.0,2026-04-29T08:24:19.036162+00:00
401869762,2026-04-26,13:00,BOS,BUF,real,5.5,-108.0,-112.0,-112.0,225.0,-130.0,2026-04-26T07:45:13.726385+00:00
401869763,2026-05-01,21:00,UTA,VGK,real,5.5,-105.0,-115.0,-115.0,-265.0,-122.0,2026-05-01T08:16:20.277823+00:00
401869764,2026-04-28,18:30,BUF,BOS,real,5.5,-170.0,142.0,-170.0,150.0,-130.0,2026-04-28T08:30:18.006819+00:00
401869765,2026-05-01,18:30,BOS,BUF,real,5.5,-102.0,-118.0,-118.0,-265.0,-108.0,2026-05-01T08:16:20.277823+00:00
401869768,2026-04-22,21:00,EDM,ANA,real,6.5,-198.0,164.0,-198.0,124.0,-148.0,2026-04-22T07:52:57.386540+00:00
401869769,2026-04-21,18:00,TBL,MTL,real,5.5,-192.0,160.0,-192.0,130.0,-130.0,2026-04-21T07:56:09.821849+00:00
401869770,2026-04-24,21:00,ANA,EDM,real,6.5,110.0,-130.0,-130.0,-205.0,-155.0,2026-04-24T08:09:14.236541+00:00
401869771,2026-04-24,18:00,MTL,TBL,real,5.5,102.0,-122.0,-122.0,-245.0,-130.0,2026-04-24T08:09:14.236541+00:00
401869772,2026-04-26,20:30,ANA,EDM,real,7.5,114.0,-135.0,-135.0,-205.0,130.0,2026-04-26T07:45:13.726385+00:00
401869773,2026-04-26,18:00,MTL,TBL,real,5.5,-105.0,-115.0,-115.0,-250.0,-130.0,2026-04-26T07:45:13.726385+00:00
401869774,2026-04-28,21:00,EDM,ANA,real,6.5,-175.0,145.0,-175.0,136.0,-166.0,2026-04-28T08:30:18.006819+00:00
401869775,2026-04-29,18:00,TBL,MTL,real,5.5,-175.0,145.0,-175.0,150.0,-118.0,2026-04-29T08:24:19.036162+00:00
401869776,2026-04-30,21:00,ANA,EDM,real,6.5,110.0,-130.0,-130.0,-218.0,-162.0,2026-04-30T08:26:43.873736+00:00
401869777,2026-05-01,18:00,MTL,TBL,real,5.5,-105.0,-115.0,-115.0,-278.0,-112.0,2026-05-01T08:16:20.277823+00:00
401869779,2026-05-03,17:00,TBL,MTL,real,5.5,-162.0,136.0,-162.0,170.0,124.0,2026-05-03T08:05:44.433086+00:00
401869780,2026-04-20,20:30,DAL,MIN,real,5.5,-135.0,114.0,-135.0,195.0,-130.0,2026-04-20T08:13:43.153383+00:00
401869781,2026-04-20,18:30,CAR,OTT,real,5.5,-148.0,124.0,-148.0,170.0,-125.0,2026-04-20T08:13:43.153383+00:00
401869782,2026-04-22,20:30,MIN,DAL,real,5.5,-130.0,110.0,-130.0,190.0,-130.0,2026-04-22T07:52:57.386540+00:00
401869783,2026-04-23,18:30,OTT,CAR,real,5.5,-122.0,102.0,-122.0,215.0,-122.0,2026-04-23T07:59:00.698156+00:00
401869784,2026-04-25,16:30,MIN,DAL,real,5.5,-135.0,114.0,-135.0,180.0,-135.0,2026-04-25T07:21:47.023463+00:00
401869785,2026-04-28,19:00,DAL,MIN,real,5.5,-130.0,110.0,-130.0,195.0,-122.0,2026-04-28T08:30:18.006819+00:00
401869786,2026-04-25,14:00,OTT,CAR,real,5.5,110.0,-130.0,-130.0,-250.0,-120.0,2026-04-25T07:21:47.023463+00:00
401869787,2026-04-30,18:30,MIN,DAL,real,5.5,-122.0,102.0,-122.0,210.0,-118.0,2026-04-30T08:26:43.873736+00:00
401869792,2026-04-21,21:00,COL,LAK,real,5.5,-298.0,240.0,-298.0,-108.0,-125.0,2026-04-21T07:56:09.821849+00:00
401869793,2026-04-23,21:00,LAK,COL,real,5.5,140.0,-166.0,-166.0,-192.0,-115.0,2026-04-23T07:59:00.698156+00:00
401869794,2026-04-20,18:00,PIT,PHI,real,6.5,-155.0,130.0,-155.0,164.0,114.0,2026-04-20T08:13:43.153383+00:00
401869795,2026-04-26,15:30,LAK,COL,real,5.5,142.0,-170.0,-170.0,-185.0,-118.0,2026-04-26T07:45:13.726385+00:00
401869796,2026-04-22,18:00,PHI,PIT,real,5.5,-115.0,-105.0,-115.0,205.0,-122.0,2026-04-22T07:52:57.386540+00:00
401869799,2026-04-25,19:00,PHI,PIT,real,5.5,-120.0,100.0,-120.0,210.0,-122.0,2026-04-25T07:21:47.023463+00:00
401869801,2026-04-27,18:00,PIT,PHI,real,5.5,-135.0,114.0,-135.0,180.0,-125.0,2026-04-27T08:31:39.243939+00:00
401869802,2026-04-29,18:30,PHI,PIT,real,5.5,-122.0,102.0,-122.0,205.0,-122.0,2026-04-29T08:24:19.036162+00:00
401871166,2026-05-02,19:00,CAR,PHI,real,5.5,-218.0,180.0,-218.0,124.0,-120.0,2026-05-02T07:49:37.562239+00:00
401871302,2026-05-03,20:00,COL,MIN,real,5.5,-192.0,160.0,-192.0,140.0,-125.0,2026-05-03T08:05:44.433086+00:00
401871404,2026-05-06,18:00,BUF,MTL,real,5.5,-130.0,110.0,-130.0,190.0,-122.0,2026-05-05T08:15:23.578047+00:00
401871405,2026-05-08,18:00,BUF,MTL,real,5.5,-135.0,114.0,-135.0,185.0,-125.0,2026-05-08T07:47:10.209867+00:00
401871406,2026-05-10,18:00,MTL,BUF,real,5.5,-122.0,102.0,-122.0,200.0,-130.0,2026-05-10T08:12:49.633275+00:00
401871407,2026-05-12,18:00,MTL,BUF,real,6.5,-142.0,120.0,-142.0,180.0,105.0,2026-05-12T08:47:13.216940+00:00
401871408,2026-05-14,18:00,BUF,MTL,real,5.5,-122.0,102.0,-122.0,205.0,-135.0,2026-05-14T08:41:53.942716+00:00
401871409,2026-05-16,19:00,MTL,BUF,real,6.5,-175.0,145.0,-175.0,154.0,102.0,2026-05-16T08:09:12.885487+00:00
401871410,2026-05-18,18:30,BUF,MTL,real,5.5,-122.0,102.0,-122.0,205.0,100.0,2026-05-18T10:08:29.683919+00:00
401871411,2026-05-04,18:00,CAR,PHI,real,5.5,-258.0,210.0,-258.0,110.0,105.0,2026-05-04T08:35:27.397763+00:00
401871412,2026-05-07,19:00,PHI,CAR,real,5.5,140.0,-166.0,-166.0,-192.0,120.0,2026-05-07T08:38:42.656851+00:00
401871413,2026-05-09,17:00,PHI,CAR,real,5.5,160.0,-192.0,-192.0,-170.0,120.0,2026-05-09T08:01:50.644759+00:00
401871417,2026-05-05,19:00,COL,MIN,real,6.5,-205.0,170.0,-205.0,124.0,-105.0,2026-05-05T08:15:23.578047+00:00
401871418,2026-05-09,20:00,MIN,COL,real,6.5,110.0,-130.0,-130.0,-230.0,110.0,2026-05-09T08:01:50.644759+00:00
401871419,2026-05-11,19:00,MIN,COL,real,6.5,110.0,-130.0,-130.0,-238.0,-102.0,2026-05-11T09:44:50.813835+00:00
401871420,2026-05-13,19:00,COL,MIN,real,6.5,-205.0,170.0,-205.0,120.0,-102.0,2026-05-13T08:50:40.648044+00:00
401871423,2026-05-04,20:30,VGK,ANA,real,6.5,-166.0,140.0,-166.0,150.0,-102.0,2026-05-04T08:35:27.397763+00:00
401871424,2026-05-06,20:30,VGK,ANA,real,6.5,-162.0,136.0,-162.0,154.0,102.0,2026-05-05T08:15:23.578047+00:00
401871425,2026-05-08,20:30,ANA,VGK,real,5.5,-108.0,-112.0,-112.0,-278.0,-135.0,2026-05-08T07:47:10.209867+00:00
401871426,2026-05-10,20:30,ANA,VGK,real,6.5,102.0,-122.0,-122.0,-250.0,-108.0,2026-05-10T08:12:49.633275+00:00
401871427,2026-05-12,20:30,VGK,ANA,real,6.5,-148.0,124.0,-148.0,160.0,105.0,2026-05-12T08:47:13.216940+00:00
401871428,2026-05-14,20:30,ANA,VGK,real,6.5,-108.0,-112.0,-112.0,-270.0,110.0,2026-05-14T08:41:53.942716+00:00
401872903,2026-05-20,19:00,COL,VGK,real,6.5,-192.0,160.0,-192.0,136.0,102.0,2026-05-20T09:38:48.426457+00:00
401872904,2026-05-22,19:00,COL,VGK,real,6.5,-192.0,160.0,-192.0,136.0,110.0,2026-05-22T09:29:18.453753+00:00
401872905,2026-05-24,19:00,VGK,COL,real,5.5,124.0,-148.0,-148.0,-218.0,-135.0,2026-05-24T08:32:36.684676+00:00
401872906,2026-05-26,20:00,VGK,COL,real,6.5,-105.0,-115.0,-115.0,-258.0,105.0,2026-05-26T10:00:59.770559+00:00
401873383,2026-05-21,19:00,CAR,MTL,real,5.5,-205.0,170.0,-205.0,130.0,-135.0,2026-05-21T09:45:04.378039+00:00
401873384,2026-05-23,18:00,CAR,MTL,real,5.5,-205.0,170.0,-205.0,124.0,-130.0,2026-05-23T08:23:44.687598+00:00
401873385,2026-05-25,19:00,MTL,CAR,real,5.5,114.0,-135.0,-135.0,-225.0,-130.0,2026-05-25T10:10:53.733921+00:00
401873386,2026-05-27,19:00,MTL,CAR,real,5.5,120.0,-142.0,-142.0,-230.0,-118.0,2026-05-27T09:55:00.674569+00:00
401873387,2026-05-29,19:00,CAR,MTL,real,5.5,-238.0,195.0,-238.0,110.0,-110.0,2026-05-29T09:58:47.020896+00:00
401874171,2026-06-02,19:00,CAR,VGK,real,5.5,-155.0,130.0,-155.0,170.0,-118.0,2026-06-02T10:27:43.938189+00:00
401874172,2026-06-04,19:00,CAR,VGK,real,5.5,-162.0,136.0,-162.0,160.0,-130.0,2026-06-04T10:00:00.156546+00:00
401874173,2026-06-06,19:00,VGK,CAR,real,5.5,-112.0,-108.0,-112.0,-285.0,-125.0,2026-06-06T08:37:03.658739+00:00
401874174,2026-06-09,19:00,VGK,CAR,real,5.5,-105.0,-115.0,-115.0,-265.0,-130.0,2026-06-09T09:48:55.697870+00:00
401874175,2026-06-11,19:00,CAR,VGK,real,6.5,-162.0,136.0,-162.0,164.0,114.0,2026-06-11T10:29:39.081465+00:00
401874176,2026-06-14,19:00,VGK,CAR,real,5.5,-105.0,-115.0,-115.0,-278.0,-130.0,2026-06-14T09:39:19.265366+00:00
