game_id,date,time,season,home_team,away_team,home_starting_pitcher,away_starting_pitcher,home_starting_pitcher_id,away_starting_pitcher_id,pitcher_source,pitcher_data_available,home_runs_total,away_runs_total,home_r1,away_r1,home_r2,away_r2,home_r3,away_r3,home_r4,away_r4,home_r5,away_r5,home_runs_f5,away_runs_f5,attendance,odds_details,odds_over_under,odds_data_quality,home_is_favorite,home_hits,away_hits,status_completed,status_state,status_description,status_detail,home_starting_pitcher_ip,away_starting_pitcher_ip,home_starting_pitcher_er,away_starting_pitcher_er,home_starting_pitcher_hits,away_starting_pitcher_hits,home_starting_pitcher_bb,away_starting_pitcher_bb,home_starting_pitcher_k,away_starting_pitcher_k,home_starting_pitcher_hr,away_starting_pitcher_hr,pitcher_stats_available,home_moneyline_odds,away_moneyline_odds,closing_moneyline_odds,closing_spread_odds,closing_total_odds,market_source,competition_id
846234,2026-08-04,18:30,2026,Tigres de Quintana Roo,Diablos Rojos del Mexico,,,,,statsapi_schedule,0,0,0,0,0,0,0,0,0,0,0,0,0,0,0,0,No Line,0.0,none,-1,0,0,0,pre,Scheduled,Scheduled,,,,,,,,,,,,,0,,,,,,none,846234
846147,2026-08-04,19:00,2026,Guerreros de Oaxaca,Leones de Yucatan,,,,,statsapi_schedule,0,0,0,0,0,0,0,0,0,0,0,0,0,0,0,0,No Line,0.0,none,-1,0,0,0,pre,Scheduled,Scheduled,,,,,,,,,,,,,0,,,,,,none,846147
846195,2026-08-04,19:00,2026,Dorados de Chihuahua,Charros de Jalisco,,,,,statsapi_schedule,0,0,0,0,0,0,0,0,0,0,0,0,0,0,0,0,No Line,0.0,none,-1,0,0,0,pre,Scheduled,Scheduled,,,,,,,,,,,,,0,,,,,,none,846195
846512,2026-08-04,19:00,2026,Piratas de Campeche,Olmecas de Tabasco,,,,,statsapi_schedule,0,0,0,0,0,0,0,0,0,0,0,0,0,0,0,0,No Line,0.0,none,-1,0,0,0,pre,Scheduled,Scheduled,,,,,,,,,,,,,0,,,,,,none,846512
846557,2026-08-04,19:00,2026,Pericos de Puebla,El Aguila de Veracruz,,,,,statsapi_schedule,0,0,0,0,0,0,0,0,0,0,0,0,0,0,0,0,No Line,0.0,none,-1,0,0,0,pre,Scheduled,Scheduled,,,,,,,,,,,,,0,,,,,,none,846557
846102,2026-08-04,19:10,2026,Caliente de Durango,Toros de Tijuana,,,,,statsapi_schedule,0,0,0,0,0,0,0,0,0,0,0,0,0,0,0,0,No Line,0.0,none,-1,0,0,0,pre,Scheduled,Scheduled,,,,,,,,,,,,,0,,,,,,none,846102
846280,2026-08-04,19:30,2026,Sultanes de Monterrey,Tecos de los Dos Laredos,,,,,statsapi_schedule,0,0,0,0,0,0,0,0,0,0,0,0,0,0,0,0,No Line,0.0,none,-1,0,0,0,pre,Scheduled,Scheduled,,,,,,,,,,,,,0,,,,,,none,846280
846462,2026-08-04,19:30,2026,Rieleros de Aguascalientes,Acereros del Norte,,,,,statsapi_schedule,0,0,0,0,0,0,0,0,0,0,0,0,0,0,0,0,No Line,0.0,none,-1,0,0,0,pre,Scheduled,Scheduled,,,,,,,,,,,,,0,,,,,,none,846462
846711,2026-08-04,19:30,2026,Algodoneros Union Laguna,Saraperos de Saltillo,,,,,statsapi_schedule,0,0,0,0,0,0,0,0,0,0,0,0,0,0,0,0,No Line,0.0,none,-1,0,0,0,pre,Scheduled,Scheduled,,,,,,,,,,,,,0,,,,,,none,846711
846799,2026-08-04,19:30,2026,Bravos de Leon,Conspiradores de Queretaro,,,,,statsapi_schedule,0,0,0,0,0,0,0,0,0,0,0,0,0,0,0,0,No Line,0.0,none,-1,0,0,0,pre,Scheduled,Scheduled,,,,,,,,,,,,,0,,,,,,none,846799
846237,2026-08-05,18:30,2026,Tigres de Quintana Roo,Diablos Rojos del Mexico,,,,,statsapi_schedule,0,0,0,0,0,0,0,0,0,0,0,0,0,0,0,0,No Line,0.0,none,-1,0,0,0,pre,Scheduled,Scheduled,,,,,,,,,,,,,0,,,,,,none,846237
846140,2026-08-05,19:00,2026,Guerreros de Oaxaca,Leones de Yucatan,,,,,statsapi_schedule,0,0,0,0,0,0,0,0,0,0,0,0,0,0,0,0,No Line,0.0,none,-1,0,0,0,pre,Scheduled,Scheduled,,,,,,,,,,,,,0,,,,,,none,846140
846188,2026-08-05,19:00,2026,Dorados de Chihuahua,Charros de Jalisco,,,,,statsapi_schedule,0,0,0,0,0,0,0,0,0,0,0,0,0,0,0,0,No Line,0.0,none,-1,0,0,0,pre,Scheduled,Scheduled,,,,,,,,,,,,,0,,,,,,none,846188
846509,2026-08-05,19:00,2026,Piratas de Campeche,Olmecas de Tabasco,,,,,statsapi_schedule,0,0,0,0,0,0,0,0,0,0,0,0,0,0,0,0,No Line,0.0,none,-1,0,0,0,pre,Scheduled,Scheduled,,,,,,,,,,,,,0,,,,,,none,846509
846559,2026-08-05,19:00,2026,Pericos de Puebla,El Aguila de Veracruz,,,,,statsapi_schedule,0,0,0,0,0,0,0,0,0,0,0,0,0,0,0,0,No Line,0.0,none,-1,0,0,0,pre,Scheduled,Scheduled,,,,,,,,,,,,,0,,,,,,none,846559
846099,2026-08-05,19:10,2026,Caliente de Durango,Toros de Tijuana,,,,,statsapi_schedule,0,0,0,0,0,0,0,0,0,0,0,0,0,0,0,0,No Line,0.0,none,-1,0,0,0,pre,Scheduled,Scheduled,,,,,,,,,,,,,0,,,,,,none,846099
846281,2026-08-05,19:30,2026,Sultanes de Monterrey,Tecos de los Dos Laredos,,,,,statsapi_schedule,0,0,0,0,0,0,0,0,0,0,0,0,0,0,0,0,No Line,0.0,none,-1,0,0,0,pre,Scheduled,Scheduled,,,,,,,,,,,,,0,,,,,,none,846281
846461,2026-08-05,19:30,2026,Rieleros de Aguascalientes,Acereros del Norte,,,,,statsapi_schedule,0,0,0,0,0,0,0,0,0,0,0,0,0,0,0,0,No Line,0.0,none,-1,0,0,0,pre,Scheduled,Scheduled,,,,,,,,,,,,,0,,,,,,none,846461
846700,2026-08-05,19:30,2026,Algodoneros Union Laguna,Saraperos de Saltillo,,,,,statsapi_schedule,0,0,0,0,0,0,0,0,0,0,0,0,0,0,0,0,No Line,0.0,none,-1,0,0,0,pre,Scheduled,Scheduled,,,,,,,,,,,,,0,,,,,,none,846700
846800,2026-08-05,19:30,2026,Bravos de Leon,Conspiradores de Queretaro,,,,,statsapi_schedule,0,0,0,0,0,0,0,0,0,0,0,0,0,0,0,0,No Line,0.0,none,-1,0,0,0,pre,Scheduled,Scheduled,,,,,,,,,,,,,0,,,,,,none,846800
846241,2026-08-06,18:30,2026,Tigres de Quintana Roo,Diablos Rojos del Mexico,,,,,statsapi_schedule,0,0,0,0,0,0,0,0,0,0,0,0,0,0,0,0,No Line,0.0,none,-1,0,0,0,pre,Scheduled,Scheduled,,,,,,,,,,,,,0,,,,,,none,846241
846143,2026-08-06,19:00,2026,Guerreros de Oaxaca,Leones de Yucatan,,,,,statsapi_schedule,0,0,0,0,0,0,0,0,0,0,0,0,0,0,0,0,No Line,0.0,none,-1,0,0,0,pre,Scheduled,Scheduled,,,,,,,,,,,,,0,,,,,,none,846143
846189,2026-08-06,19:00,2026,Dorados de Chihuahua,Charros de Jalisco,,,,,statsapi_schedule,0,0,0,0,0,0,0,0,0,0,0,0,0,0,0,0,No Line,0.0,none,-1,0,0,0,pre,Scheduled,Scheduled,,,,,,,,,,,,,0,,,,,,none,846189
846506,2026-08-06,19:00,2026,Piratas de Campeche,Olmecas de Tabasco,,,,,statsapi_schedule,0,0,0,0,0,0,0,0,0,0,0,0,0,0,0,0,No Line,0.0,none,-1,0,0,0,pre,Scheduled,Scheduled,,,,,,,,,,,,,0,,,,,,none,846506
846561,2026-08-06,19:00,2026,Pericos de Puebla,El Aguila de Veracruz,,,,,statsapi_schedule,0,0,0,0,0,0,0,0,0,0,0,0,0,0,0,0,No Line,0.0,none,-1,0,0,0,pre,Scheduled,Scheduled,,,,,,,,,,,,,0,,,,,,none,846561
846098,2026-08-06,19:10,2026,Caliente de Durango,Toros de Tijuana,,,,,statsapi_schedule,0,0,0,0,0,0,0,0,0,0,0,0,0,0,0,0,No Line,0.0,none,-1,0,0,0,pre,Scheduled,Scheduled,,,,,,,,,,,,,0,,,,,,none,846098
846278,2026-08-06,19:30,2026,Sultanes de Monterrey,Tecos de los Dos Laredos,,,,,statsapi_schedule,0,0,0,0,0,0,0,0,0,0,0,0,0,0,0,0,No Line,0.0,none,-1,0,0,0,pre,Scheduled,Scheduled,,,,,,,,,,,,,0,,,,,,none,846278
846465,2026-08-06,19:30,2026,Rieleros de Aguascalientes,Acereros del Norte,,,,,statsapi_schedule,0,0,0,0,0,0,0,0,0,0,0,0,0,0,0,0,No Line,0.0,none,-1,0,0,0,pre,Scheduled,Scheduled,,,,,,,,,,,,,0,,,,,,none,846465
846703,2026-08-06,19:30,2026,Algodoneros Union Laguna,Saraperos de Saltillo,,,,,statsapi_schedule,0,0,0,0,0,0,0,0,0,0,0,0,0,0,0,0,No Line,0.0,none,-1,0,0,0,pre,Scheduled,Scheduled,,,,,,,,,,,,,0,,,,,,none,846703
846797,2026-08-06,19:30,2026,Bravos de Leon,Conspiradores de Queretaro,,,,,statsapi_schedule,0,0,0,0,0,0,0,0,0,0,0,0,0,0,0,0,No Line,0.0,none,-1,0,0,0,pre,Scheduled,Scheduled,,,,,,,,,,,,,0,,,,,,none,846797
