game_id,date,home_team,away_team,current_home_moneyline,current_away_moneyline,both_pitchers_available,home_pitcher_quality_start_rate_L10,away_pitcher_quality_start_rate_L10,diff_pitcher_quality_start_rate_L10,home_pitcher_blowup_rate_L10,away_pitcher_blowup_rate_L10,diff_pitcher_blowup_rate_L10,home_pitcher_era_trend,away_pitcher_era_trend,diff_pitcher_era_trend,home_pitcher_whip_trend,away_pitcher_whip_trend,diff_pitcher_whip_trend,home_pitcher_recent_quality_score,away_pitcher_recent_quality_score,diff_pitcher_recent_quality_score,market_key,split_id,ensemble_prob_raw,ensemble_prob_calibrated,decision_threshold,pred_label,confidence,threshold,used_fallback,prob_shrink,y_true,publish_pick,publish_threshold_effective,missing_pitchers_rate_test_split,threshold_objective,roi_min_edge,roi_edge_filter_pass_rate,roi_priced_coverage,roi_mean_ev_edge_published,confidence_bucket
809175,2025-05-23,QRO,OAX,0.0,0.0,1,1.0,1.0,0.0,0.0,0.0,0.0,0.0,0.0,0.0,0.0,0.0,0.0,-1.11,-1.11,0.0,f5,0,0.07271105791061806,0.41273100787951406,0.5,0,0.5872689921204859,0.55,0,0.0,0,1,0.55,0.0,accuracy_cov,0.0,1.0,0.0,0.0,0.56-0.60
809226,2025-05-23,VER,LEO,0.0,0.0,1,0.45,1.0,-0.55,0.3,0.0,0.3,0.0,0.0,0.0,0.0,0.0,0.0,-1.8,-1.11,-0.6900000000000002,f5,0,0.7115355343926325,0.46630891626156973,0.5,0,0.5336910837384303,0.55,0,0.0,1,0,0.55,0.0,accuracy_cov,0.0,1.0,0.0,0.0,0.53-0.56
809315,2025-05-23,DUR,LAR,0.0,0.0,1,1.0,1.0,0.0,0.0,0.0,0.0,0.0,0.0,0.0,0.0,0.0,0.0,-1.11,-1.11,0.0,f5,0,0.5762580700164489,0.4548550756390891,0.5,0,0.5451449243609109,0.55,0,0.0,0,0,0.55,0.0,accuracy_cov,0.0,1.0,0.0,0.0,0.53-0.56
809416,2025-05-23,CHI,AGS,0.0,0.0,1,0.45,1.0,-0.55,0.3,0.0,0.3,0.0,0.0,0.0,0.0,0.0,0.0,-1.8,-1.11,-0.6900000000000002,f5,0,0.45980152816986974,0.44503245402232555,0.5,0,0.5549675459776744,0.55,0,0.0,0,1,0.55,0.0,accuracy_cov,0.0,1.0,0.0,0.0,0.53-0.56
809559,2025-05-23,MVA,SLT,0.0,0.0,1,1.0,1.0,0.0,0.0,0.0,0.0,0.0,0.0,0.0,0.0,0.0,0.0,-1.11,-1.11,0.0,f5,0,0.37425237825506685,0.4378435667955311,0.5,0,0.5621564332044688,0.55,0,0.0,0,1,0.55,0.0,accuracy_cov,0.0,1.0,0.0,0.0,0.56-0.60
809643,2025-05-23,MEX,TIG,0.0,0.0,1,1.0,1.0,0.0,0.0,0.0,0.0,0.0,0.0,0.0,0.0,0.0,0.0,-1.11,-1.11,0.0,f5,0,0.46840856587350715,0.4457570494196785,0.5,0,0.5542429505803215,0.55,0,0.0,0,1,0.55,0.0,accuracy_cov,0.0,1.0,0.0,0.0,0.53-0.56
809876,2025-05-23,YUC,TAB,0.0,0.0,1,1.0,0.45,0.55,0.0,0.3,-0.3,0.0,0.0,0.0,0.0,0.0,0.0,-1.11,-1.8,0.6900000000000002,f5,0,0.8973754646162649,0.4820994873085375,0.5,0,0.5179005126914624,0.55,0,0.0,1,0,0.559,0.0,accuracy_cov,0.0,1.0,0.0,0.0,<=0.53
809921,2025-05-23,LAG,JAL,0.0,0.0,1,1.0,1.0,0.0,0.0,0.0,0.0,0.0,0.0,0.0,0.0,0.0,0.0,-1.11,-1.11,0.0,f5,0,0.46183492517562214,0.4452036174014829,0.5,0,0.5547963825985172,0.55,0,0.0,0,1,0.55,0.0,accuracy_cov,0.0,1.0,0.0,0.0,0.53-0.56
809272,2025-05-26,TIJ,MTY,0.0,0.0,1,1.0,1.0,0.0,0.0,0.0,0.0,0.0,0.0,0.0,0.0,0.0,0.0,-1.11,-1.11,0.0,f5,1,0.6368581748169335,0.5184987646915471,0.5,1,0.5184987646915471,0.55,0,0.0,0,0,0.55,0.0,accuracy_cov,0.0,1.0,0.0,0.0,<=0.53
809171,2025-05-29,QRO,VER,0.0,0.0,0,1.0,1.0,0.0,0.0,0.0,0.0,0.0,0.0,0.0,0.0,0.0,0.0,-1.11,-1.11,0.0,f5,2,0.3171167126971075,0.45133850060834263,0.5,0,0.5486614993916574,0.56,0,0.0,1,0,0.64,0.1111111111111111,accuracy_cov,0.0,1.0,0.0,0.0,0.53-0.56
809268,2025-05-29,TIJ,LAR,0.0,0.0,1,1.0,1.0,0.0,0.0,0.0,0.0,0.0,0.0,0.0,0.0,0.0,0.0,-1.11,-1.11,0.0,f5,2,0.4512546884159039,0.466224095698144,0.5,0,0.533775904301856,0.56,0,0.0,0,0,0.56,0.1111111111111111,accuracy_cov,0.0,1.0,0.0,0.0,0.53-0.56
809458,2025-05-29,TIG,LEO,0.0,0.0,1,1.0,0.45,0.55,0.0,0.3,-0.3,0.0,0.0,0.0,0.0,0.0,0.0,-1.11,-1.8,0.6900000000000002,f5,2,0.5242827409762285,0.4743552648691668,0.5,0,0.5256447351308332,0.56,0,0.0,0,0,0.5690000000000001,0.1111111111111111,accuracy_cov,0.0,1.0,0.0,0.0,<=0.53
809499,2025-05-29,MTY,MVA,0.0,0.0,1,1.0,1.0,0.0,0.0,0.0,0.0,0.0,0.0,0.0,0.0,0.0,0.0,-1.11,-1.11,0.0,f5,2,0.7647869693777513,0.5012067119112523,0.5,1,0.5012067119112523,0.56,0,0.0,0,0,0.56,0.1111111111111111,accuracy_cov,0.0,1.0,0.0,0.0,<=0.53
809686,2025-05-29,AGS,JAL,0.0,0.0,1,1.0,1.0,0.0,0.0,0.0,0.0,0.0,0.0,0.0,0.0,0.0,0.0,-1.11,-1.11,0.0,f5,2,0.7008234643446368,0.4940597038516872,0.5,0,0.5059402961483128,0.56,0,0.0,1,0,0.56,0.1111111111111111,accuracy_cov,0.0,1.0,0.0,0.0,<=0.53
809732,2025-05-29,CAM,YUC,0.0,0.0,1,1.0,1.0,0.0,0.0,0.0,0.0,0.0,0.0,0.0,0.0,0.0,0.0,-1.11,-1.11,0.0,f5,2,0.5964895309498761,0.48240840182438655,0.5,0,0.5175915981756134,0.56,0,0.0,1,0,0.56,0.1111111111111111,accuracy_cov,0.0,1.0,0.0,0.0,<=0.53
809823,2025-05-29,SLT,CHI,0.0,0.0,1,1.0,1.0,0.0,0.0,0.0,0.0,0.0,0.0,0.0,0.0,0.0,0.0,-1.11,-1.11,0.0,f5,2,0.2090859682400948,0.43941180975178873,0.5,0,0.5605881902482113,0.56,0,0.0,1,1,0.56,0.1111111111111111,accuracy_cov,0.0,1.0,0.0,0.0,0.56-0.60
809910,2025-05-29,LAG,DUR,0.0,0.0,1,1.0,1.0,0.0,0.0,0.0,0.0,0.0,0.0,0.0,0.0,0.0,0.0,-1.11,-1.11,0.0,f5,2,0.5690670575530707,0.4793487023318504,0.5,0,0.5206512976681497,0.56,0,0.0,0,0,0.56,0.1111111111111111,accuracy_cov,0.0,1.0,0.0,0.0,<=0.53
809963,2025-05-29,TAB,PUE,0.0,0.0,1,1.0,1.0,0.0,0.0,0.0,0.0,0.0,0.0,0.0,0.0,0.0,0.0,-1.11,-1.11,0.0,f5,2,0.2569059839818681,0.44468338897691495,0.5,0,0.555316611023085,0.56,0,0.0,1,0,0.56,0.1111111111111111,accuracy_cov,0.0,1.0,0.0,0.0,0.53-0.56
809121,2025-06-01,JAL,SLT,0.0,0.0,1,1.0,1.0,0.0,0.0,0.0,0.0,0.0,0.0,0.0,0.0,0.0,0.0,-1.11,-1.11,0.0,f5,3,0.12200064395061333,0.3586791433899864,0.5,0,0.6413208566100136,0.62,0,0.0,0,0,0.62,0.25,accuracy_cov,0.0,1.0,0.0,0.0,0.60-0.65
809360,2025-06-01,OAX,TAB,0.0,0.0,1,1.0,1.0,0.0,0.0,0.0,0.0,0.0,0.0,0.0,0.0,0.0,0.0,-1.11,-1.11,0.0,f5,3,0.6575639304426887,0.41432973041299187,0.5,0,0.5856702695870082,0.62,0,0.0,0,0,0.62,0.25,accuracy_cov,0.0,1.0,0.0,0.0,0.56-0.60
809405,2025-06-01,CHI,TIJ,0.0,0.0,1,1.0,1.0,0.0,0.0,0.0,0.0,0.0,0.0,0.0,0.0,0.0,0.0,-1.11,-1.11,0.0,f5,3,0.7669469264257589,0.4260226916308106,0.5,0,0.5739773083691895,0.62,0,0.0,0,0,0.62,0.25,accuracy_cov,0.0,1.0,0.0,0.0,0.56-0.60
809545,2025-06-01,MVA,DUR,0.0,0.0,1,1.0,1.0,0.0,0.0,0.0,0.0,0.0,0.0,0.0,0.0,0.0,0.0,-1.11,-1.11,0.0,f5,3,0.6171928785126869,0.410037638250528,0.5,0,0.589962361749472,0.62,0,0.0,0,0,0.62,0.25,accuracy_cov,0.0,1.0,0.0,0.0,0.56-0.60
809599,2025-06-01,LAR,LAG,0.0,0.0,1,1.0,1.0,0.0,0.0,0.0,0.0,0.0,0.0,0.0,0.0,0.0,0.0,-1.11,-1.11,0.0,f5,3,0.3260961882988345,0.3795299313222516,0.5,0,0.6204700686777485,0.62,0,0.0,1,0,0.62,0.25,accuracy_cov,0.0,1.0,0.0,0.0,0.60-0.65
809689,2025-06-01,AGS,MTY,0.0,0.0,0,1.0,1.0,0.0,0.0,0.0,0.0,0.0,0.0,0.0,0.0,0.0,0.0,-1.11,-1.11,0.0,f5,3,0.5338051382540496,0.4012160999840377,0.5,0,0.5987839000159623,0.62,0,0.0,1,0,0.66,0.25,accuracy_cov,0.0,1.0,0.0,0.0,0.56-0.60
809782,2025-06-01,PUE,VER,0.0,0.0,1,1.0,1.0,0.0,0.0,0.0,0.0,0.0,0.0,0.0,0.0,0.0,0.0,-1.11,-1.11,0.0,f5,3,0.9433170397885973,0.4450465119345391,0.5,0,0.554953488065461,0.62,0,0.0,1,0,0.62,0.25,accuracy_cov,0.0,1.0,0.0,0.0,0.53-0.56
810005,2025-06-01,LEO,YUC,0.0,0.0,0,1.0,1.0,0.0,0.0,0.0,0.0,0.0,0.0,0.0,0.0,0.0,0.0,-1.11,-1.11,0.0,f5,3,0.5958936184777326,0.4077786497267799,0.5,0,0.5922213502732201,0.62,0,0.0,1,0,0.66,0.25,accuracy_cov,0.0,1.0,0.0,0.0,0.56-0.60
809221,2025-06-04,VER,MEX,0.0,0.0,1,1.0,0.45,0.55,0.0,0.3,-0.3,0.0,0.0,0.0,0.0,0.0,0.0,-1.11,-1.8,0.6900000000000002,f5,4,0.6603620863911261,0.43127225206038494,0.5,0,0.5687277479396151,0.62,0,0.0,0,0,0.629,0.16666666666666666,accuracy_cov,0.0,1.0,0.0,0.0,0.56-0.60
809267,2025-06-04,TIJ,JAL,0.0,0.0,1,1.0,1.0,0.0,0.0,0.0,0.0,0.0,0.0,0.0,0.0,0.0,0.0,-1.11,-1.11,0.0,f5,4,0.5958581533732454,0.4234612715752906,0.5,0,0.5765387284247094,0.62,0,0.0,1,0,0.62,0.16666666666666666,accuracy_cov,0.0,1.0,0.0,0.0,0.56-0.60
809310,2025-06-04,DUR,CHI,0.0,0.0,1,1.0,1.0,0.0,0.0,0.0,0.0,0.0,0.0,0.0,0.0,0.0,0.0,-1.11,-1.11,0.0,f5,4,0.12315033857000282,0.36760894832176494,0.5,0,0.6323910516782351,0.62,0,0.0,0,0,0.62,0.16666666666666666,accuracy_cov,0.0,1.0,0.0,0.0,0.60-0.65
809358,2025-06-04,OAX,CAM,0.0,0.0,1,0.45,1.0,-0.55,0.3,0.0,0.3,0.0,0.0,0.0,0.0,0.0,0.0,-1.8,-1.11,-0.6900000000000002,f5,4,0.46540638107230603,0.40778460949773243,0.5,0,0.5922153905022676,0.62,0,0.0,0,0,0.62,0.16666666666666666,accuracy_cov,0.0,1.0,0.0,0.0,0.56-0.60
809498,2025-06-04,MTY,SLT,0.0,0.0,1,1.0,1.0,0.0,0.0,0.0,0.0,0.0,0.0,0.0,0.0,0.0,0.0,-1.11,-1.11,0.0,f5,4,0.8666307627878083,0.45646171209688274,0.5,0,0.5435382879031172,0.62,0,0.0,0,0,0.62,0.16666666666666666,accuracy_cov,0.0,1.0,0.0,0.0,0.53-0.56
809547,2025-06-04,MVA,LAG,0.0,0.0,1,1.0,1.0,0.0,0.0,0.0,0.0,0.0,0.0,0.0,0.0,0.0,0.0,-1.11,-1.11,0.0,f5,4,0.5961990616796591,0.4235024564013142,0.5,0,0.5764975435986859,0.62,0,0.0,1,0,0.62,0.16666666666666666,accuracy_cov,0.0,1.0,0.0,0.0,0.56-0.60
809551,2025-06-04,MVA,LAG,0.0,0.0,1,1.0,1.0,0.0,0.0,0.0,0.0,0.0,0.0,0.0,0.0,0.0,0.0,-1.11,-1.11,0.0,f5,4,0.5753761687767285,0.42098883245622726,0.5,0,0.5790111675437728,0.62,0,0.0,0,0,0.62,0.16666666666666666,accuracy_cov,0.0,1.0,0.0,0.0,0.56-0.60
809594,2025-06-04,LAR,AGS,0.0,0.0,1,1.0,1.0,0.0,0.0,0.0,0.0,0.0,0.0,0.0,0.0,0.0,0.0,-1.11,-1.11,0.0,f5,4,0.16612202734043038,0.3725658918350801,0.5,0,0.62743410816492,0.62,0,0.0,0,0,0.62,0.16666666666666666,accuracy_cov,0.0,1.0,0.0,0.0,0.60-0.65
809771,2025-06-04,PUE,LEO,0.0,0.0,0,1.0,1.0,0.0,0.0,0.0,0.0,0.0,0.0,0.0,0.0,0.0,0.0,-1.11,-1.11,0.0,f5,4,0.42817596715061357,0.40334330229383025,0.5,0,0.5966566977061698,0.62,0,0.0,0,0,0.66,0.16666666666666666,accuracy_cov,0.0,1.0,0.0,0.0,0.56-0.60
809775,2025-06-04,PUE,LEO,0.0,0.0,1,1.0,1.0,0.0,0.0,0.0,0.0,0.0,0.0,0.0,0.0,0.0,0.0,-1.11,-1.11,0.0,f5,4,0.8360657524250485,0.4527118374440416,0.5,0,0.5472881625559585,0.62,0,0.0,1,0,0.62,0.16666666666666666,accuracy_cov,0.0,1.0,0.0,0.0,0.53-0.56
809869,2025-06-04,YUC,QRO,0.0,0.0,0,1.0,1.0,0.0,0.0,0.0,0.0,0.0,0.0,0.0,0.0,0.0,0.0,-1.11,-1.11,0.0,f5,4,0.6879288342536056,0.4346210884603705,0.5,0,0.5653789115396295,0.62,0,0.0,1,0,0.66,0.16666666666666666,accuracy_cov,0.0,1.0,0.0,0.0,0.56-0.60
809961,2025-06-04,TAB,TIG,0.0,0.0,1,1.0,1.0,0.0,0.0,0.0,0.0,0.0,0.0,0.0,0.0,0.0,0.0,-1.11,-1.11,0.0,f5,4,0.8424767732615399,0.45349794459609527,0.5,0,0.5465020554039047,0.62,0,0.0,0,0,0.62,0.16666666666666666,accuracy_cov,0.0,1.0,0.0,0.0,0.53-0.56
809124,2025-06-07,JAL,MVA,0.0,0.0,1,1.0,1.0,0.0,0.0,0.0,0.0,0.0,0.0,0.0,0.0,0.0,0.0,-1.11,-1.11,0.0,f5,5,0.2918400838925127,0.42483832335775246,0.5,0,0.5751616766422476,0.58,0,0.0,0,0,0.58,0.18181818181818182,accuracy_cov,0.0,1.0,0.0,0.0,0.56-0.60
809168,2025-06-07,QRO,TAB,0.0,0.0,1,0.45,1.0,-0.55,0.3,0.0,0.3,0.0,0.0,0.0,0.0,0.0,0.0,-1.8,-1.11,-0.6900000000000002,f5,5,0.27263769621462475,0.42068715039493176,0.5,0,0.5793128496050682,0.58,0,0.0,1,0,0.58,0.18181818181818182,accuracy_cov,0.0,1.0,0.0,0.0,0.56-0.60
809408,2025-06-07,CHI,LAR,0.0,0.0,1,1.0,1.0,0.0,0.0,0.0,0.0,0.0,0.0,0.0,0.0,0.0,0.0,-1.11,-1.11,0.0,f5,5,0.5941227512252774,0.49121065888623117,0.5,0,0.5087893411137688,0.58,0,0.0,1,0,0.58,0.18181818181818182,accuracy_cov,0.0,1.0,0.0,0.0,<=0.53
809457,2025-06-07,TIG,VER,0.0,0.0,1,1.0,1.0,0.0,0.0,0.0,0.0,0.0,0.0,0.0,0.0,0.0,0.0,-1.11,-1.11,0.0,f5,5,0.15362290805268233,0.3952290792421171,0.5,0,0.6047709207578829,0.58,0,0.0,0,0,0.58,0.18181818181818182,accuracy_cov,0.0,1.0,0.0,0.0,0.60-0.65
809459,2025-06-07,TIG,VER,0.0,0.0,0,1.0,1.0,0.0,0.0,0.0,0.0,0.0,0.0,0.0,0.0,0.0,0.0,-1.11,-1.11,0.0,f5,5,0.3642245017527716,0.4405772364498683,0.5,0,0.5594227635501317,0.58,0,0.0,1,0,0.6599999999999999,0.18181818181818182,accuracy_cov,0.0,1.0,0.0,0.0,0.53-0.56
809629,2025-06-07,MEX,PUE,0.0,0.0,1,1.0,1.0,0.0,0.0,0.0,0.0,0.0,0.0,0.0,0.0,0.0,0.0,-1.11,-1.11,0.0,f5,5,0.3182775056445687,0.43057084018935765,0.5,0,0.5694291598106423,0.58,0,0.0,1,0,0.58,0.18181818181818182,accuracy_cov,0.0,1.0,0.0,0.0,0.56-0.60
809685,2025-06-07,AGS,DUR,0.0,0.0,1,1.0,1.0,0.0,0.0,0.0,0.0,0.0,0.0,0.0,0.0,0.0,0.0,-1.11,-1.11,0.0,f5,5,0.11612544545341458,0.3873175508141991,0.5,0,0.612682449185801,0.58,0,0.0,0,0,0.58,0.18181818181818182,accuracy_cov,0.0,1.0,0.0,0.0,0.60-0.65
809734,2025-06-07,CAM,LEO,0.0,0.0,1,1.0,1.0,0.0,0.0,0.0,0.0,0.0,0.0,0.0,0.0,0.0,0.0,-1.11,-1.11,0.0,f5,5,0.6123290282399927,0.4952419710395779,0.5,0,0.5047580289604221,0.58,0,0.0,0,0,0.58,0.18181818181818182,accuracy_cov,0.0,1.0,0.0,0.0,<=0.53
809825,2025-06-07,SLT,TIJ,0.0,0.0,1,1.0,1.0,0.0,0.0,0.0,0.0,0.0,0.0,0.0,0.0,0.0,0.0,-1.11,-1.11,0.0,f5,5,0.9407182570246236,0.5675533281661952,0.5,1,0.5675533281661952,0.58,0,0.0,1,0,0.58,0.18181818181818182,accuracy_cov,0.0,1.0,0.0,0.0,0.56-0.60
809868,2025-06-07,YUC,OAX,0.0,0.0,0,1.0,1.0,0.0,0.0,0.0,0.0,0.0,0.0,0.0,0.0,0.0,0.0,-1.11,-1.11,0.0,f5,5,0.6374225799048706,0.5007991989336354,0.5,1,0.5007991989336354,0.58,0,0.0,0,0,0.6599999999999999,0.18181818181818182,accuracy_cov,0.0,1.0,0.0,0.0,<=0.53
809914,2025-06-07,LAG,MTY,0.0,0.0,1,1.0,1.0,0.0,0.0,0.0,0.0,0.0,0.0,0.0,0.0,0.0,0.0,-1.11,-1.11,0.0,f5,5,0.31689024140840255,0.43026955780425213,0.5,0,0.5697304421957479,0.58,0,0.0,0,0,0.58,0.18181818181818182,accuracy_cov,0.0,1.0,0.0,0.0,0.56-0.60
809113,2025-06-10,JAL,TIG,0.0,0.0,1,1.0,1.0,0.0,0.0,0.0,0.0,0.0,0.0,0.0,0.0,0.0,0.0,-1.11,-1.11,0.0,f5,6,0.3873621145250872,0.4652465285566224,0.5,0,0.5347534714433776,0.6,0,0.0,1,0,0.6,0.0,accuracy_cov,0.0,1.0,0.0,0.0,0.53-0.56
809220,2025-06-10,VER,LAG,0.0,0.0,1,0.45,1.0,-0.55,0.3,0.0,0.3,0.0,0.0,0.0,0.0,0.0,0.0,-1.8,-1.11,-0.6900000000000002,f5,6,0.25449656153028277,0.4301528682481327,0.5,0,0.5698471317518673,0.6,0,0.0,0,0,0.6,0.0,accuracy_cov,0.0,1.0,0.0,0.0,0.56-0.60
809265,2025-06-10,TIJ,QRO,0.0,0.0,1,1.0,1.0,0.0,0.0,0.0,0.0,0.0,0.0,0.0,0.0,0.0,0.0,-1.11,-1.11,0.0,f5,6,0.6100469059728759,0.5246643544889374,0.5,1,0.5246643544889374,0.6,0,0.0,1,0,0.6,0.0,accuracy_cov,0.0,1.0,0.0,0.0,<=0.53
809311,2025-06-10,DUR,YUC,0.0,0.0,1,0.45,1.0,-0.55,0.3,0.0,0.3,0.0,0.0,0.0,0.0,0.0,0.0,-1.8,-1.11,-0.6900000000000002,f5,6,0.7748502424235689,0.568285023001835,0.5,1,0.568285023001835,0.6,0,0.0,1,0,0.609,0.0,accuracy_cov,0.0,1.0,0.0,0.0,0.56-0.60
809356,2025-06-10,OAX,AGS,0.0,0.0,1,1.0,1.0,0.0,0.0,0.0,0.0,0.0,0.0,0.0,0.0,0.0,0.0,-1.11,-1.11,0.0,f5,6,0.09626778490454532,0.38928435143912893,0.5,0,0.6107156485608711,0.6,0,0.0,0,0,0.6,0.0,accuracy_cov,0.0,1.0,0.0,0.0,0.60-0.65
809500,2025-06-10,MTY,MEX,0.0,0.0,1,0.45,1.0,-0.55,0.3,0.0,0.3,0.0,0.0,0.0,0.0,0.0,0.0,-1.8,-1.11,-0.6900000000000002,f5,6,0.14863673784460857,0.40266902325387643,0.5,0,0.5973309767461236,0.6,0,0.0,1,0,0.6,0.0,accuracy_cov,0.0,1.0,0.0,0.0,0.56-0.60
809552,2025-06-10,MVA,TAB,0.0,0.0,1,1.0,1.0,0.0,0.0,0.0,0.0,0.0,0.0,0.0,0.0,0.0,0.0,-1.11,-1.11,0.0,f5,6,0.6338616590125263,0.5310070608894045,0.5,1,0.5310070608894045,0.6,0,0.0,1,0,0.6,0.0,accuracy_cov,0.0,1.0,0.0,0.0,0.53-0.56
809600,2025-06-10,LAR,CAM,0.0,0.0,1,0.45,1.0,-0.55,0.3,0.0,0.3,0.0,0.0,0.0,0.0,0.0,0.0,-1.8,-1.11,-0.6900000000000002,f5,6,0.06035044149482325,0.38019866080233694,0.5,0,0.6198013391976631,0.6,0,0.0,0,0,0.6,0.0,accuracy_cov,0.0,1.0,0.0,0.0,0.60-0.65
809773,2025-06-10,PUE,CHI,0.0,0.0,1,1.0,1.0,0.0,0.0,0.0,0.0,0.0,0.0,0.0,0.0,0.0,0.0,-1.11,-1.11,0.0,f5,6,0.892605079040798,0.5988554096936762,0.5,1,0.5988554096936762,0.6,0,0.0,1,0,0.6,0.0,accuracy_cov,0.0,1.0,0.0,0.0,0.56-0.60
810007,2025-06-10,LEO,SLT,0.0,0.0,1,1.0,1.0,0.0,0.0,0.0,0.0,0.0,0.0,0.0,0.0,0.0,0.0,-1.11,-1.11,0.0,f5,6,0.8904866862202795,0.5983114471884367,0.5,1,0.5983114471884367,0.6,0,0.0,1,0,0.6,0.0,accuracy_cov,0.0,1.0,0.0,0.0,0.56-0.60
809115,2025-06-13,JAL,YUC,0.0,0.0,1,1.0,1.0,0.0,0.0,0.0,0.0,0.0,0.0,0.0,0.0,0.0,0.0,-1.11,-1.11,0.0,f5,7,0.14653788573680487,0.4503843272188229,0.5,0,0.5496156727811772,0.64,0,0.0,1,0,0.64,0.2222222222222222,accuracy_cov,0.0,1.0,0.0,0.0,0.53-0.56
809218,2025-06-13,VER,CHI,0.0,0.0,1,1.0,1.0,0.0,0.0,0.0,0.0,0.0,0.0,0.0,0.0,0.0,0.0,-1.11,-1.11,0.0,f5,7,0.8486838778812377,0.6889207946435377,0.5,1,0.6889207946435377,0.64,0,0.0,0,1,0.64,0.2222222222222222,accuracy_cov,0.0,1.0,0.0,0.0,0.65+
809262,2025-06-13,TIJ,MEX,0.0,0.0,1,1.0,1.0,0.0,0.0,0.0,0.0,0.0,0.0,0.0,0.0,0.0,0.0,-1.11,-1.11,0.0,f5,7,0.10822155280320847,0.43699380470693744,0.5,0,0.5630061952930625,0.64,0,0.0,0,0,0.64,0.2222222222222222,accuracy_cov,0.0,1.0,0.0,0.0,0.56-0.60
809305,2025-06-13,DUR,TIG,0.0,0.0,1,1.0,1.0,0.0,0.0,0.0,0.0,0.0,0.0,0.0,0.0,0.0,0.0,-1.11,-1.11,0.0,f5,7,0.40112615955171455,0.5402536405897855,0.5,1,0.5402536405897855,0.64,0,0.0,1,0,0.64,0.2222222222222222,accuracy_cov,0.0,1.0,0.0,0.0,0.53-0.56
809355,2025-06-13,OAX,SLT,0.0,0.0,0,1.0,1.0,0.0,0.0,0.0,0.0,0.0,0.0,0.0,0.0,0.0,0.0,-1.11,-1.11,0.0,f5,7,0.7679263147969541,0.6639018003111384,0.5,1,0.6639018003111384,0.64,0,0.0,1,1,0.66,0.2222222222222222,accuracy_cov,0.0,1.0,0.0,0.0,0.65+
809493,2025-06-13,MTY,QRO,0.0,0.0,0,1.0,1.0,0.0,0.0,0.0,0.0,0.0,0.0,0.0,0.0,0.0,0.0,-1.11,-1.11,0.0,f5,7,0.16055459631987348,0.45530185688443287,0.5,0,0.5446981431155671,0.64,0,0.0,1,0,0.66,0.2222222222222222,accuracy_cov,0.0,1.0,0.0,0.0,0.53-0.56
809538,2025-06-13,MVA,CAM,0.0,0.0,1,1.0,1.0,0.0,0.0,0.0,0.0,0.0,0.0,0.0,0.0,0.0,0.0,-1.11,-1.11,0.0,f5,7,0.18649856987424437,0.46442619762840265,0.5,0,0.5355738023715974,0.64,0,0.0,0,0,0.64,0.2222222222222222,accuracy_cov,0.0,1.0,0.0,0.0,0.53-0.56
809593,2025-06-13,LAR,TAB,0.0,0.0,1,1.0,1.0,0.0,0.0,0.0,0.0,0.0,0.0,0.0,0.0,0.0,0.0,-1.11,-1.11,0.0,f5,7,0.4423457924719974,0.5547121303315273,0.5,1,0.5547121303315273,0.64,0,0.0,1,0,0.64,0.2222222222222222,accuracy_cov,0.0,1.0,0.0,0.0,0.53-0.56
810004,2025-06-13,LEO,AGS,0.0,0.0,1,1.0,1.0,0.0,0.0,0.0,0.0,0.0,0.0,0.0,0.0,0.0,0.0,-1.11,-1.11,0.0,f5,7,0.30360558055251397,0.5058198577761606,0.5,1,0.5058198577761606,0.64,0,0.0,0,0,0.64,0.2222222222222222,accuracy_cov,0.0,1.0,0.0,0.0,<=0.53
809159,2025-06-17,QRO,MVA,0.0,0.0,1,1.0,1.0,0.0,0.0,0.0,0.0,0.0,0.0,0.0,0.0,0.0,0.0,-1.11,-1.11,0.0,f5,8,0.37888548785166903,0.49917909731904314,0.5,0,0.5008209026809569,0.62,0,0.0,0,0,0.62,0.2,accuracy_cov,0.0,1.0,0.0,0.0,<=0.53
809406,2025-06-17,CHI,LEO,0.0,0.0,1,1.0,1.0,0.0,0.0,0.0,0.0,0.0,0.0,0.0,0.0,0.0,0.0,-1.11,-1.11,0.0,f5,8,0.30167142353495424,0.4725061970027693,0.5,0,0.5274938029972307,0.62,0,0.0,0,0,0.62,0.2,accuracy_cov,0.0,1.0,0.0,0.0,<=0.53
809453,2025-06-17,TIG,TIJ,0.0,0.0,0,1.0,1.0,0.0,0.0,0.0,0.0,0.0,0.0,0.0,0.0,0.0,0.0,-1.11,-1.11,0.0,f5,8,0.10389625979632183,0.4052470470848092,0.5,0,0.5947529529151908,0.62,0,0.0,1,0,0.66,0.2,accuracy_cov,0.0,1.0,0.0,0.0,0.56-0.60
809632,2025-06-17,MEX,MTY,0.0,0.0,0,1.0,1.0,0.0,0.0,0.0,0.0,0.0,0.0,0.0,0.0,0.0,0.0,-1.11,-1.11,0.0,f5,8,0.5795837607153624,0.5681537929022595,0.5,1,0.5681537929022595,0.62,0,0.0,1,0,0.66,0.2,accuracy_cov,0.0,1.0,0.0,0.0,0.56-0.60
809683,2025-06-17,AGS,PUE,0.0,0.0,1,1.0,0.45,0.55,0.0,0.3,-0.3,0.0,0.0,0.0,0.0,0.0,0.0,-1.11,-1.8,0.6900000000000002,f5,8,0.7490600482708178,0.6245116518416934,0.5,1,0.6245116518416934,0.62,0,0.0,1,0,0.62,0.2,accuracy_cov,0.0,1.0,0.0,0.0,0.60-0.65
809731,2025-06-17,CAM,JAL,0.0,0.0,1,1.0,0.45,0.55,0.0,0.3,-0.3,0.0,0.0,0.0,0.0,0.0,0.0,-1.11,-1.8,0.6900000000000002,f5,8,0.6543316149590799,0.5933216285824368,0.5,1,0.5933216285824368,0.62,0,0.0,0,0,0.62,0.2,accuracy_cov,0.0,1.0,0.0,0.0,0.56-0.60
809821,2025-06-17,SLT,VER,0.0,0.0,1,1.0,1.0,0.0,0.0,0.0,0.0,0.0,0.0,0.0,0.0,0.0,0.0,-1.11,-1.11,0.0,f5,8,0.9236963762917296,0.6792440314542011,0.5,1,0.6792440314542011,0.62,0,0.0,1,1,0.62,0.2,accuracy_cov,0.0,1.0,0.0,0.0,0.65+
809865,2025-06-17,YUC,LAR,0.0,0.0,1,1.0,1.0,0.0,0.0,0.0,0.0,0.0,0.0,0.0,0.0,0.0,0.0,-1.11,-1.11,0.0,f5,8,0.8232872941013082,0.6482632449534314,0.5,1,0.6482632449534314,0.62,0,0.0,0,0,0.62,0.2,accuracy_cov,0.0,1.0,0.0,0.0,0.60-0.65
809913,2025-06-17,LAG,OAX,0.0,0.0,1,1.0,1.0,0.0,0.0,0.0,0.0,0.0,0.0,0.0,0.0,0.0,0.0,-1.11,-1.11,0.0,f5,8,0.22415338226527767,0.4458854489151389,0.5,0,0.5541145510848611,0.62,0,0.0,0,0,0.62,0.2,accuracy_cov,0.0,1.0,0.0,0.0,0.53-0.56
809958,2025-06-17,TAB,DUR,0.0,0.0,1,1.0,1.0,0.0,0.0,0.0,0.0,0.0,0.0,0.0,0.0,0.0,0.0,-1.11,-1.11,0.0,f5,8,0.650356090517519,0.5919941024022393,0.5,1,0.5919941024022393,0.62,0,0.0,1,0,0.62,0.2,accuracy_cov,0.0,1.0,0.0,0.0,0.56-0.60
809401,2025-06-20,CHI,OAX,0.0,0.0,0,1.0,1.0,0.0,0.0,0.0,0.0,0.0,0.0,0.0,0.0,0.0,0.0,-1.11,-1.11,0.0,f5,9,0.08516135736228142,0.2992341288420219,0.5,0,0.7007658711579781,0.66,0,0.0,0,1,0.66,0.125,accuracy_cov,0.0,1.0,0.0,0.0,0.65+
809448,2025-06-20,TIG,LAR,0.0,0.0,1,1.0,1.0,0.0,0.0,0.0,0.0,0.0,0.0,0.0,0.0,0.0,0.0,-1.11,-1.11,0.0,f5,9,0.4730573395297198,0.3901196871093348,0.5,0,0.6098803128906651,0.66,0,0.0,1,0,0.66,0.125,accuracy_cov,0.0,1.0,0.0,0.0,0.60-0.65
809634,2025-06-20,MEX,MVA,0.0,0.0,1,1.0,1.0,0.0,0.0,0.0,0.0,0.0,0.0,0.0,0.0,0.0,0.0,-1.11,-1.11,0.0,f5,9,0.3991821901638743,0.3719693114955243,0.5,0,0.6280306885044757,0.66,0,0.0,0,0,0.66,0.125,accuracy_cov,0.0,1.0,0.0,0.0,0.60-0.65
809729,2025-06-20,CAM,DUR,0.0,0.0,1,1.0,1.0,0.0,0.0,0.0,0.0,0.0,0.0,0.0,0.0,0.0,0.0,-1.11,-1.11,0.0,f5,9,0.48906596877551983,0.3940952444249961,0.5,0,0.6059047555750039,0.66,0,0.0,0,0,0.66,0.125,accuracy_cov,0.0,1.0,0.0,0.0,0.60-0.65
809819,2025-06-20,SLT,PUE,0.0,0.0,1,1.0,1.0,0.0,0.0,0.0,0.0,0.0,0.0,0.0,0.0,0.0,0.0,-1.11,-1.11,0.0,f5,9,0.8016595805887325,0.4739118834770683,0.5,0,0.5260881165229316,0.66,0,0.0,1,0,0.66,0.125,accuracy_cov,0.0,1.0,0.0,0.0,<=0.53
809867,2025-06-20,YUC,TIJ,0.0,0.0,1,1.0,1.0,0.0,0.0,0.0,0.0,0.0,0.0,0.0,0.0,0.0,0.0,-1.11,-1.11,0.0,f5,9,0.33410691199117915,0.35627290226940755,0.5,0,0.6437270977305924,0.66,0,0.0,0,0,0.66,0.125,accuracy_cov,0.0,1.0,0.0,0.0,0.60-0.65
809904,2025-06-20,LAG,LEO,0.0,0.0,1,1.0,1.0,0.0,0.0,0.0,0.0,0.0,0.0,0.0,0.0,0.0,0.0,-1.11,-1.11,0.0,f5,9,0.8332888194232317,0.48213419337864694,0.5,0,0.5178658066213531,0.66,0,0.0,1,0,0.66,0.125,accuracy_cov,0.0,1.0,0.0,0.0,<=0.53
809960,2025-06-20,TAB,JAL,0.0,0.0,1,1.0,1.0,0.0,0.0,0.0,0.0,0.0,0.0,0.0,0.0,0.0,0.0,-1.11,-1.11,0.0,f5,9,0.0808372362919518,0.2982902780111464,0.5,0,0.7017097219888536,0.66,0,0.0,0,1,0.66,0.125,accuracy_cov,0.0,1.0,0.0,0.0,0.65+
809157,2025-06-23,QRO,MTY,0.0,0.0,1,1.0,1.0,0.0,0.0,0.0,0.0,0.0,0.0,0.0,0.0,0.0,0.0,-1.11,-1.11,0.0,f5,10,0.24631498522001047,0.2816983170121438,0.5,0,0.7183016829878561,0.65,0,0.0,0,1,0.65,0.0,accuracy_cov,0.0,1.0,0.0,0.0,0.65+
809162,2025-06-23,QRO,MTY,0.0,0.0,1,1.0,1.0,0.0,0.0,0.0,0.0,0.0,0.0,0.0,0.0,0.0,0.0,-1.11,-1.11,0.0,f5,10,0.12575562691333475,0.2639420183210796,0.5,0,0.7360579816789203,0.65,0,0.0,0,1,0.65,0.0,accuracy_cov,0.0,1.0,0.0,0.0,0.65+
809728,2025-06-23,CAM,MEX,0.0,0.0,1,1.0,1.0,0.0,0.0,0.0,0.0,0.0,0.0,0.0,0.0,0.0,0.0,-1.11,-1.11,0.0,f5,10,0.07859473999828434,0.2571946633027712,0.5,0,0.7428053366972288,0.65,0,0.0,0,1,0.65,0.0,accuracy_cov,0.0,1.0,0.0,0.0,0.65+
809211,2025-06-26,VER,YUC,0.0,0.0,1,1.0,1.0,0.0,0.0,0.0,0.0,0.0,0.0,0.0,0.0,0.0,0.0,-1.11,-1.11,0.0,f5,11,0.5835615714610642,0.32028907914778276,0.5,0,0.6797109208522172,0.55,0,0.0,1,1,0.55,0.2222222222222222,accuracy_cov,0.0,1.0,0.0,0.0,0.65+
809257,2025-06-26,TIJ,LAG,0.0,0.0,1,1.0,1.0,0.0,0.0,0.0,0.0,0.0,0.0,0.0,0.0,0.0,0.0,-1.11,-1.11,0.0,f5,11,0.7891970788157471,0.3276732758348158,0.5,0,0.6723267241651842,0.55,0,0.0,0,1,0.55,0.2222222222222222,accuracy_cov,0.0,1.0,0.0,0.0,0.65+
809348,2025-06-26,OAX,TIG,0.0,0.0,1,0.45,1.0,-0.55,0.3,0.0,0.3,0.0,0.0,0.0,0.0,0.0,0.0,-1.8,-1.11,-0.6900000000000002,f5,11,0.07501461677729054,0.30241470468536313,0.5,0,0.6975852953146369,0.55,0,0.0,0,1,0.55,0.2222222222222222,accuracy_cov,0.0,1.0,0.0,0.0,0.65+
809490,2025-06-26,MTY,DUR,0.0,0.0,1,1.0,1.0,0.0,0.0,0.0,0.0,0.0,0.0,0.0,0.0,0.0,0.0,-1.11,-1.11,0.0,f5,11,0.44106299278305094,0.3152240933889312,0.5,0,0.6847759066110688,0.55,0,0.0,1,1,0.55,0.2222222222222222,accuracy_cov,0.0,1.0,0.0,0.0,0.65+
809541,2025-06-26,MVA,CHI,0.0,0.0,1,1.0,1.0,0.0,0.0,0.0,0.0,0.0,0.0,0.0,0.0,0.0,0.0,-1.11,-1.11,0.0,f5,11,0.9433303969704792,0.33326480882641896,0.5,0,0.666735191173581,0.55,0,0.0,1,1,0.55,0.2222222222222222,accuracy_cov,0.0,1.0,0.0,0.0,0.65+
809590,2025-06-26,LAR,JAL,0.0,0.0,0,1.0,1.0,0.0,0.0,0.0,0.0,0.0,0.0,0.0,0.0,0.0,0.0,-1.11,-1.11,0.0,f5,11,0.21238220891477244,0.30718718085480484,0.5,0,0.6928128191451952,0.55,0,0.0,1,1,0.63,0.2222222222222222,accuracy_cov,0.0,1.0,0.0,0.0,0.65+
809761,2025-06-26,PUE,QRO,0.0,0.0,0,1.0,1.0,0.0,0.0,0.0,0.0,0.0,0.0,0.0,0.0,0.0,0.0,-1.11,-1.11,0.0,f5,11,0.11456410489922073,0.3037844412689502,0.5,0,0.6962155587310498,0.55,0,0.0,1,1,0.63,0.2222222222222222,accuracy_cov,0.0,1.0,0.0,0.0,0.65+
809812,2025-06-26,SLT,AGS,0.0,0.0,1,1.0,1.0,0.0,0.0,0.0,0.0,0.0,0.0,0.0,0.0,0.0,0.0,-1.11,-1.11,0.0,f5,11,0.5467233581541644,0.31897556983848435,0.5,0,0.6810244301615156,0.55,0,0.0,1,1,0.55,0.2222222222222222,accuracy_cov,0.0,1.0,0.0,0.0,0.65+
809992,2025-06-26,LEO,TAB,0.0,0.0,1,1.0,1.0,0.0,0.0,0.0,0.0,0.0,0.0,0.0,0.0,0.0,0.0,-1.11,-1.11,0.0,f5,11,0.5346873955990241,0.31854703476556884,0.5,0,0.6814529652344312,0.55,0,0.0,1,1,0.55,0.2222222222222222,accuracy_cov,0.0,1.0,0.0,0.0,0.65+
809104,2025-07-03,JAL,DUR,0.0,0.0,1,1.0,1.0,0.0,0.0,0.0,0.0,0.0,0.0,0.0,0.0,0.0,0.0,-1.11,-1.11,0.0,f5,12,0.8223630268149654,0.35944731282286946,0.5,0,0.6405526871771305,0.63,0,0.0,1,0,0.63,0.1,accuracy_cov,0.0,1.0,0.0,0.0,0.60-0.65
809210,2025-07-03,VER,CAM,0.0,0.0,1,1.0,1.0,0.0,0.0,0.0,0.0,0.0,0.0,0.0,0.0,0.0,0.0,-1.11,-1.11,0.0,f5,12,0.7965491168384529,0.3644304843393214,0.5,0,0.6355695156606787,0.63,0,0.0,0,0,0.63,0.1,accuracy_cov,0.0,1.0,0.0,0.0,0.60-0.65
809345,2025-07-03,OAX,LEO,0.0,0.0,1,1.0,1.0,0.0,0.0,0.0,0.0,0.0,0.0,0.0,0.0,0.0,0.0,-1.11,-1.11,0.0,f5,12,0.16625030380122158,0.4926724330330669,0.5,0,0.507327566966933,0.63,0,0.0,0,0,0.63,0.1,accuracy_cov,0.0,1.0,0.0,0.0,<=0.53
809396,2025-07-03,CHI,MTY,0.0,0.0,0,1.0,1.0,0.0,0.0,0.0,0.0,0.0,0.0,0.0,0.0,0.0,0.0,-1.11,-1.11,0.0,f5,12,0.2521660570447671,0.4747389677427392,0.5,0,0.5252610322572608,0.63,0,0.0,0,0,0.66,0.1,accuracy_cov,0.0,1.0,0.0,0.0,<=0.53
809399,2025-07-03,CHI,MTY,0.0,0.0,1,1.0,1.0,0.0,0.0,0.0,0.0,0.0,0.0,0.0,0.0,0.0,0.0,-1.11,-1.11,0.0,f5,12,0.47151411755109424,0.4293544306917995,0.5,0,0.5706455693082004,0.63,0,0.0,0,0,0.63,0.1,accuracy_cov,0.0,1.0,0.0,0.0,0.56-0.60
809447,2025-07-03,TIG,QRO,0.0,0.0,1,0.45,1.0,-0.55,0.3,0.0,0.3,0.0,0.0,0.0,0.0,0.0,0.0,-1.8,-1.11,-0.6900000000000002,f5,12,0.7261259434080337,0.37817110938956383,0.5,0,0.6218288906104361,0.63,0,0.0,0,0,0.63,0.1,accuracy_cov,0.0,1.0,0.0,0.0,0.60-0.65
809592,2025-07-03,LAR,SLT,0.0,0.0,1,1.0,1.0,0.0,0.0,0.0,0.0,0.0,0.0,0.0,0.0,0.0,0.0,-1.11,-1.11,0.0,f5,12,0.3230519571475621,0.45998960749563306,0.5,0,0.5400103925043669,0.63,0,0.0,0,0,0.63,0.1,accuracy_cov,0.0,1.0,0.0,0.0,0.53-0.56
809675,2025-07-03,AGS,LAG,0.0,0.0,1,1.0,1.0,0.0,0.0,0.0,0.0,0.0,0.0,0.0,0.0,0.0,0.0,-1.11,-1.11,0.0,f5,12,0.905695322743465,0.34357069732377754,0.5,0,0.6564293026762225,0.63,0,0.0,0,1,0.63,0.1,accuracy_cov,0.0,1.0,0.0,0.0,0.65+
809854,2025-07-03,YUC,PUE,0.0,0.0,1,1.0,1.0,0.0,0.0,0.0,0.0,0.0,0.0,0.0,0.0,0.0,0.0,-1.11,-1.11,0.0,f5,12,0.6819500553772843,0.38689304465305707,0.5,0,0.6131069553469429,0.63,0,0.0,0,0,0.63,0.1,accuracy_cov,0.0,1.0,0.0,0.0,0.60-0.65
809954,2025-07-03,TAB,MEX,0.0,0.0,1,1.0,1.0,0.0,0.0,0.0,0.0,0.0,0.0,0.0,0.0,0.0,0.0,-1.11,-1.11,0.0,f5,12,0.18133579728805674,0.4895209131267941,0.5,0,0.5104790868732059,0.63,0,0.0,0,0,0.63,0.1,accuracy_cov,0.0,1.0,0.0,0.0,<=0.53
809153,2025-07-06,QRO,CAM,0.0,0.0,1,1.0,1.0,0.0,0.0,0.0,0.0,0.0,0.0,0.0,0.0,0.0,0.0,-1.11,-1.11,0.0,f5,13,0.09846580586266572,0.46327033215485114,0.5,0,0.5367296678451489,0.65,0,0.0,0,0,0.65,0.0,accuracy_cov,0.0,1.0,0.0,0.0,0.53-0.56
809300,2025-07-06,DUR,TIJ,0.0,0.0,1,1.0,1.0,0.0,0.0,0.0,0.0,0.0,0.0,0.0,0.0,0.0,0.0,-1.11,-1.11,0.0,f5,13,0.7451494411085038,0.35039990778917046,0.5,0,0.6496000922108296,0.65,0,0.0,1,0,0.65,0.0,accuracy_cov,0.0,1.0,0.0,0.0,0.60-0.65
809393,2025-07-06,CHI,JAL,0.0,0.0,1,1.0,1.0,0.0,0.0,0.0,0.0,0.0,0.0,0.0,0.0,0.0,0.0,-1.11,-1.11,0.0,f5,13,0.44338333288498055,0.4018129076549949,0.5,0,0.5981870923450051,0.65,0,0.0,0,0,0.65,0.0,accuracy_cov,0.0,1.0,0.0,0.0,0.56-0.60
809583,2025-07-06,LAR,MTY,0.0,0.0,1,1.0,1.0,0.0,0.0,0.0,0.0,0.0,0.0,0.0,0.0,0.0,0.0,-1.11,-1.11,0.0,f5,13,0.5998705448257411,0.37480135135764286,0.5,0,0.6251986486423571,0.65,0,0.0,0,0,0.65,0.0,accuracy_cov,0.0,1.0,0.0,0.0,0.60-0.65
809622,2025-07-06,MEX,LEO,0.0,0.0,1,1.0,1.0,0.0,0.0,0.0,0.0,0.0,0.0,0.0,0.0,0.0,0.0,-1.11,-1.11,0.0,f5,13,0.6058190263149554,0.3737886389628185,0.5,0,0.6262113610371816,0.65,0,0.0,0,0,0.65,0.0,accuracy_cov,0.0,1.0,0.0,0.0,0.60-0.65
809674,2025-07-06,AGS,MVA,0.0,0.0,1,1.0,1.0,0.0,0.0,0.0,0.0,0.0,0.0,0.0,0.0,0.0,0.0,-1.11,-1.11,0.0,f5,13,0.6067029354319031,0.3736382499934097,0.5,0,0.6263617500065903,0.65,0,0.0,0,0,0.65,0.0,accuracy_cov,0.0,1.0,0.0,0.0,0.60-0.65
809763,2025-07-06,PUE,OAX,0.0,0.0,1,1.0,1.0,0.0,0.0,0.0,0.0,0.0,0.0,0.0,0.0,0.0,0.0,-1.11,-1.11,0.0,f5,13,0.2948410519476029,0.4280194951517934,0.5,0,0.5719805048482066,0.65,0,0.0,1,0,0.65,0.0,accuracy_cov,0.0,1.0,0.0,0.0,0.56-0.60
809858,2025-07-06,YUC,TIG,0.0,0.0,1,1.0,1.0,0.0,0.0,0.0,0.0,0.0,0.0,0.0,0.0,0.0,0.0,-1.11,-1.11,0.0,f5,13,0.6589259622944298,0.36479717843415804,0.5,0,0.635202821565842,0.65,0,0.0,0,0,0.65,0.0,accuracy_cov,0.0,1.0,0.0,0.0,0.60-0.65
809907,2025-07-06,LAG,SLT,0.0,0.0,1,1.0,1.0,0.0,0.0,0.0,0.0,0.0,0.0,0.0,0.0,0.0,0.0,-1.11,-1.11,0.0,f5,13,0.8259564545463981,0.33714941242127483,0.5,0,0.6628505875787252,0.65,0,0.0,0,1,0.65,0.0,accuracy_cov,0.0,1.0,0.0,0.0,0.65+
809948,2025-07-06,TAB,VER,0.0,0.0,1,1.0,1.0,0.0,0.0,0.0,0.0,0.0,0.0,0.0,0.0,0.0,0.0,-1.11,-1.11,0.0,f5,13,0.22146016854396064,0.44112614428327523,0.5,0,0.5588738557167248,0.65,0,0.0,1,0,0.65,0.0,accuracy_cov,0.0,1.0,0.0,0.0,0.53-0.56
809156,2025-07-09,QRO,MEX,0.0,0.0,1,1.0,1.0,0.0,0.0,0.0,0.0,0.0,0.0,0.0,0.0,0.0,0.0,-1.11,-1.11,0.0,f5,14,0.1078487237076882,0.322930643076894,0.5,0,0.677069356923106,0.55,0,0.0,0,1,0.55,0.09090909090909091,accuracy_cov,0.0,1.0,0.0,0.0,0.65+
809166,2025-07-09,QRO,MEX,0.0,0.0,0,1.0,1.0,0.0,0.0,0.0,0.0,0.0,0.0,0.0,0.0,0.0,0.0,-1.11,-1.11,0.0,f5,14,0.23743948290078343,0.32281075973439494,0.5,0,0.677189240265605,0.55,0,0.0,1,1,0.63,0.09090909090909091,accuracy_cov,0.0,1.0,0.0,0.0,0.65+
809254,2025-07-09,TIJ,AGS,0.0,0.0,1,1.0,1.0,0.0,0.0,0.0,0.0,0.0,0.0,0.0,0.0,0.0,0.0,-1.11,-1.11,0.0,f5,14,0.7133281095311166,0.3223707190105745,0.5,0,0.6776292809894255,0.55,0,0.0,0,1,0.55,0.09090909090909091,accuracy_cov,0.0,1.0,0.0,0.0,0.65+
809343,2025-07-09,OAX,VER,0.0,0.0,1,1.0,1.0,0.0,0.0,0.0,0.0,0.0,0.0,0.0,0.0,0.0,0.0,-1.11,-1.11,0.0,f5,14,0.17654364253618846,0.3228670910735549,0.5,0,0.6771329089264451,0.55,0,0.0,0,1,0.55,0.09090909090909091,accuracy_cov,0.0,1.0,0.0,0.0,0.65+
809390,2025-07-09,CHI,LAG,0.0,0.0,1,1.0,1.0,0.0,0.0,0.0,0.0,0.0,0.0,0.0,0.0,0.0,0.0,-1.11,-1.11,0.0,f5,14,0.22530540051041104,0.3228219838856719,0.5,0,0.6771780161143282,0.55,0,0.0,1,1,0.55,0.09090909090909091,accuracy_cov,0.0,1.0,0.0,0.0,0.65+
809437,2025-07-09,TIG,PUE,0.0,0.0,1,1.0,1.0,0.0,0.0,0.0,0.0,0.0,0.0,0.0,0.0,0.0,0.0,-1.11,-1.11,0.0,f5,14,0.06372912414084217,0.322971463067793,0.5,0,0.677028536932207,0.55,0,0.0,1,1,0.55,0.09090909090909091,accuracy_cov,0.0,1.0,0.0,0.0,0.65+
809484,2025-07-09,MTY,JAL,0.0,0.0,1,1.0,1.0,0.0,0.0,0.0,0.0,0.0,0.0,0.0,0.0,0.0,0.0,-1.11,-1.11,0.0,f5,14,0.10608105138371293,0.32293227849696593,0.5,0,0.6770677215030341,0.55,0,0.0,1,1,0.55,0.09090909090909091,accuracy_cov,0.0,1.0,0.0,0.0,0.65+
809531,2025-07-09,MVA,LAR,0.0,0.0,1,1.0,1.0,0.0,0.0,0.0,0.0,0.0,0.0,0.0,0.0,0.0,0.0,-1.11,-1.11,0.0,f5,14,0.7146609411644945,0.3223694870205865,0.5,0,0.6776305129794136,0.55,0,0.0,1,1,0.55,0.09090909090909091,accuracy_cov,0.0,1.0,0.0,0.0,0.65+
809720,2025-07-09,CAM,TAB,0.0,0.0,1,1.0,1.0,0.0,0.0,0.0,0.0,0.0,0.0,0.0,0.0,0.0,0.0,-1.11,-1.11,0.0,f5,14,0.23037176613760524,0.32281729742041476,0.5,0,0.6771827025795852,0.55,0,0.0,0,1,0.55,0.09090909090909091,accuracy_cov,0.0,1.0,0.0,0.0,0.65+
809809,2025-07-09,SLT,DUR,0.0,0.0,1,1.0,1.0,0.0,0.0,0.0,0.0,0.0,0.0,0.0,0.0,0.0,0.0,-1.11,-1.11,0.0,f5,14,0.6197197360221669,0.32245725117613944,0.5,0,0.6775427488238606,0.55,0,0.0,1,1,0.55,0.09090909090909091,accuracy_cov,0.0,1.0,0.0,0.0,0.65+
809998,2025-07-09,LEO,YUC,0.0,0.0,1,1.0,1.0,0.0,0.0,0.0,0.0,0.0,0.0,0.0,0.0,0.0,0.0,-1.11,-1.11,0.0,f5,14,0.910306266157614,0.32218867094365583,0.5,0,0.6778113290563441,0.55,0,0.0,0,1,0.55,0.09090909090909091,accuracy_cov,0.0,1.0,0.0,0.0,0.65+
809208,2025-07-12,VER,LEO,0.0,0.0,1,1.0,1.0,0.0,0.0,0.0,0.0,0.0,0.0,0.0,0.0,0.0,0.0,-1.11,-1.11,0.0,f5,15,0.08959359752273555,0.40184145104022906,0.5,0,0.5981585489597709,0.59,0,0.0,1,1,0.59,0.3333333333333333,accuracy_cov,0.0,1.0,0.0,0.0,0.56-0.60
809339,2025-07-12,OAX,QRO,0.0,0.0,1,1.0,1.0,0.0,0.0,0.0,0.0,0.0,0.0,0.0,0.0,0.0,0.0,-1.11,-1.11,0.0,f5,15,0.4930718227848125,0.43145468112801383,0.5,0,0.5685453188719862,0.59,0,0.0,1,0,0.59,0.3333333333333333,accuracy_cov,0.0,1.0,0.0,0.0,0.56-0.60
809442,2025-07-12,TIG,MEX,0.0,0.0,0,1.0,1.0,0.0,0.0,0.0,0.0,0.0,0.0,0.0,0.0,0.0,0.0,-1.11,-1.11,0.0,f5,15,0.26903359114464365,0.4149366325902367,0.5,0,0.5850633674097633,0.59,0,0.0,0,0,0.66,0.3333333333333333,accuracy_cov,0.0,1.0,0.0,0.0,0.56-0.60
809487,2025-07-12,MTY,TIJ,0.0,0.0,0,1.0,1.0,0.0,0.0,0.0,0.0,0.0,0.0,0.0,0.0,0.0,0.0,-1.11,-1.11,0.0,f5,15,0.2981621486606433,0.41707428595968526,0.5,0,0.5829257140403148,0.59,0,0.0,0,0,0.66,0.3333333333333333,accuracy_cov,0.0,1.0,0.0,0.0,0.56-0.60
809578,2025-07-12,LAR,DUR,0.0,0.0,1,1.0,1.0,0.0,0.0,0.0,0.0,0.0,0.0,0.0,0.0,0.0,0.0,-1.11,-1.11,0.0,f5,15,0.49643558437370444,0.4317039493639207,0.5,0,0.5682960506360792,0.59,0,0.0,0,0,0.59,0.3333333333333333,accuracy_cov,0.0,1.0,0.0,0.0,0.56-0.60
809667,2025-07-12,AGS,CHI,0.0,0.0,1,1.0,1.0,0.0,0.0,0.0,0.0,0.0,0.0,0.0,0.0,0.0,0.0,-1.11,-1.11,0.0,f5,15,0.4195783935931081,0.42601739926039917,0.5,0,0.5739826007396008,0.59,0,0.0,0,0,0.59,0.3333333333333333,accuracy_cov,0.0,1.0,0.0,0.0,0.56-0.60
809722,2025-07-12,CAM,PUE,0.0,0.0,0,1.0,1.0,0.0,0.0,0.0,0.0,0.0,0.0,0.0,0.0,0.0,0.0,-1.11,-1.11,0.0,f5,15,0.30908742263116207,0.41787686661854956,0.5,0,0.5821231333814505,0.59,0,0.0,1,0,0.66,0.3333333333333333,accuracy_cov,0.0,1.0,0.0,0.0,0.56-0.60
809810,2025-07-12,SLT,MVA,0.0,0.0,1,1.0,1.0,0.0,0.0,0.0,0.0,0.0,0.0,0.0,0.0,0.0,0.0,-1.11,-1.11,0.0,f5,15,0.09502388183204656,0.4022357945514693,0.5,0,0.5977642054485307,0.59,0,0.0,1,1,0.59,0.3333333333333333,accuracy_cov,0.0,1.0,0.0,0.0,0.56-0.60
809947,2025-07-12,TAB,YUC,0.0,0.0,1,1.0,1.0,0.0,0.0,0.0,0.0,0.0,0.0,0.0,0.0,0.0,0.0,-1.11,-1.11,0.0,f5,15,0.682388412067267,0.4455341780600599,0.5,0,0.5544658219399401,0.59,0,0.0,0,0,0.59,0.3333333333333333,accuracy_cov,0.0,1.0,0.0,0.0,0.53-0.56
809105,2025-07-16,JAL,AGS,0.0,0.0,1,1.0,1.0,0.0,0.0,0.0,0.0,0.0,0.0,0.0,0.0,0.0,0.0,-1.11,-1.11,0.0,f5,16,0.937499401875505,0.49574055065006445,0.5,0,0.5042594493499355,0.55,1,0.0,1,0,0.5650000000000001,0.2727272727272727,accuracy_cov,0.0,1.0,0.0,0.0,<=0.53
809108,2025-07-16,JAL,AGS,0.0,0.0,0,1.0,1.0,0.0,0.0,0.0,0.0,0.0,0.0,0.0,0.0,0.0,0.0,-1.11,-1.11,0.0,f5,16,0.6908345166986571,0.4941826735816531,0.5,0,0.505817326418347,0.55,1,0.0,1,0,0.645,0.2727272727272727,accuracy_cov,0.0,1.0,0.0,0.0,<=0.53
809204,2025-07-16,VER,QRO,0.0,0.0,0,1.0,1.0,0.0,0.0,0.0,0.0,0.0,0.0,0.0,0.0,0.0,0.0,-1.11,-1.11,0.0,f5,16,0.46807713436787535,0.4927758868706377,0.5,0,0.5072241131293622,0.55,1,0.0,1,0,0.645,0.2727272727272727,accuracy_cov,0.0,1.0,0.0,0.0,<=0.53
809296,2025-07-16,DUR,LAG,0.0,0.0,1,1.0,1.0,0.0,0.0,0.0,0.0,0.0,0.0,0.0,0.0,0.0,0.0,-1.11,-1.11,0.0,f5,16,0.2819198365027589,0.49160032863172637,0.5,0,0.5083996713682737,0.55,1,0.0,0,0,0.5650000000000001,0.2727272727272727,accuracy_cov,0.0,1.0,0.0,0.0,<=0.53
809385,2025-07-16,CHI,SLT,0.0,0.0,1,1.0,1.0,0.0,0.0,0.0,0.0,0.0,0.0,0.0,0.0,0.0,0.0,-1.11,-1.11,0.0,f5,16,0.2219510430779276,0.4912216529407314,0.5,0,0.5087783470592686,0.55,1,0.0,1,0,0.5650000000000001,0.2727272727272727,accuracy_cov,0.0,1.0,0.0,0.0,<=0.53
809534,2025-07-16,MVA,MTY,0.0,0.0,1,0.45,1.0,-0.55,0.3,0.0,0.3,0.0,0.0,0.0,0.0,0.0,0.0,-1.8,-1.11,-0.6900000000000002,f5,16,0.03299491474565899,0.49002854872847623,0.5,0,0.5099714512715238,0.55,1,0.0,1,0,0.5650000000000001,0.2727272727272727,accuracy_cov,0.0,1.0,0.0,0.0,<=0.53
809577,2025-07-16,LAR,TIJ,0.0,0.0,1,1.0,1.0,0.0,0.0,0.0,0.0,0.0,0.0,0.0,0.0,0.0,0.0,-1.11,-1.11,0.0,f5,16,0.8553551270150316,0.4952217361620876,0.5,0,0.5047782638379124,0.55,1,0.0,0,0,0.5650000000000001,0.2727272727272727,accuracy_cov,0.0,1.0,0.0,0.0,<=0.53
809760,2025-07-16,PUE,TAB,0.0,0.0,1,1.0,1.0,0.0,0.0,0.0,0.0,0.0,0.0,0.0,0.0,0.0,0.0,-1.11,-1.11,0.0,f5,16,0.23770380632336519,0.49132112352751184,0.5,0,0.5086788764724881,0.55,1,0.0,0,0,0.5650000000000001,0.2727272727272727,accuracy_cov,0.0,1.0,0.0,0.0,<=0.53
809852,2025-07-16,YUC,CAM,0.0,0.0,1,1.0,1.0,0.0,0.0,0.0,0.0,0.0,0.0,0.0,0.0,0.0,0.0,-1.11,-1.11,0.0,f5,16,0.10625155529805543,0.49049109207395153,0.5,0,0.5095089079260484,0.55,1,0.0,0,0,0.5650000000000001,0.2727272727272727,accuracy_cov,0.0,1.0,0.0,0.0,<=0.53
809990,2025-07-16,LEO,TIG,0.0,0.0,1,1.0,1.0,0.0,0.0,0.0,0.0,0.0,0.0,0.0,0.0,0.0,0.0,-1.11,-1.11,0.0,f5,16,0.8773885977501855,0.4953608962521734,0.5,0,0.5046391037478266,0.55,1,0.0,0,0,0.5650000000000001,0.2727272727272727,accuracy_cov,0.0,1.0,0.0,0.0,<=0.53
809997,2025-07-16,LEO,TIG,0.0,0.0,0,1.0,1.0,0.0,0.0,0.0,0.0,0.0,0.0,0.0,0.0,0.0,0.0,-1.11,-1.11,0.0,f5,16,0.96635180096701,0.495922781562762,0.5,0,0.504077218437238,0.55,1,0.0,1,0,0.645,0.2727272727272727,accuracy_cov,0.0,1.0,0.0,0.0,<=0.53
809202,2025-07-19,VER,MEX,0.0,0.0,1,1.0,0.45,0.55,0.0,0.3,-0.3,0.0,0.0,0.0,0.0,0.0,0.0,-1.11,-1.8,0.6900000000000002,f5,17,0.28856598453626625,0.4477409829822561,0.5,0,0.5522590170177439,0.55,0,0.0,1,0,0.559,0.2,accuracy_cov,0.0,1.0,0.0,0.0,0.53-0.56
809252,2025-07-19,TIJ,CHI,0.0,0.0,1,0.45,1.0,-0.55,0.3,0.0,0.3,0.0,0.0,0.0,0.0,0.0,0.0,-1.8,-1.11,-0.6900000000000002,f5,17,0.28350785665955575,0.44717134806656,0.5,0,0.55282865193344,0.55,0,0.0,1,1,0.55,0.2,accuracy_cov,0.0,1.0,0.0,0.0,0.53-0.56
809292,2025-07-19,DUR,MVA,0.0,0.0,1,1.0,1.0,0.0,0.0,0.0,0.0,0.0,0.0,0.0,0.0,0.0,0.0,-1.11,-1.11,0.0,f5,17,0.02863734200964571,0.4186786308831246,0.5,0,0.5813213691168754,0.55,0,0.0,0,1,0.55,0.2,accuracy_cov,0.0,1.0,0.0,0.0,0.56-0.60
809297,2025-07-19,DUR,MVA,0.0,0.0,0,1.0,1.0,0.0,0.0,0.0,0.0,0.0,0.0,0.0,0.0,0.0,0.0,-1.11,-1.11,0.0,f5,17,0.5756085404699542,0.4802467830919912,0.5,0,0.5197532169080088,0.55,0,0.0,1,0,0.63,0.2,accuracy_cov,0.0,1.0,0.0,0.0,<=0.53
809438,2025-07-19,TIG,TAB,0.0,0.0,0,1.0,1.0,0.0,0.0,0.0,0.0,0.0,0.0,0.0,0.0,0.0,0.0,-1.11,-1.11,0.0,f5,17,0.09429102689376068,0.42597439566354595,0.5,0,0.574025604336454,0.55,0,0.0,0,0,0.63,0.2,accuracy_cov,0.0,1.0,0.0,0.0,0.56-0.60
809483,2025-07-19,MTY,AGS,0.0,0.0,1,1.0,1.0,0.0,0.0,0.0,0.0,0.0,0.0,0.0,0.0,0.0,0.0,-1.11,-1.11,0.0,f5,17,0.3561998298286676,0.45537035362577377,0.5,0,0.5446296463742262,0.55,0,0.0,1,0,0.55,0.2,accuracy_cov,0.0,1.0,0.0,0.0,0.53-0.56
809711,2025-07-19,CAM,OAX,0.0,0.0,1,1.0,1.0,0.0,0.0,0.0,0.0,0.0,0.0,0.0,0.0,0.0,0.0,-1.11,-1.11,0.0,f5,17,0.13265696331973903,0.4302529918309778,0.5,0,0.5697470081690221,0.55,0,0.0,0,1,0.55,0.2,accuracy_cov,0.0,1.0,0.0,0.0,0.56-0.60
809802,2025-07-19,SLT,JAL,0.0,0.0,1,1.0,1.0,0.0,0.0,0.0,0.0,0.0,0.0,0.0,0.0,0.0,0.0,-1.11,-1.11,0.0,f5,17,0.839454154352558,0.5102805521495187,0.5,1,0.5102805521495187,0.55,0,0.0,1,0,0.55,0.2,accuracy_cov,0.0,1.0,0.0,0.0,<=0.53
809843,2025-07-19,YUC,QRO,0.0,0.0,1,1.0,1.0,0.0,0.0,0.0,0.0,0.0,0.0,0.0,0.0,0.0,0.0,-1.11,-1.11,0.0,f5,17,0.7322738389634118,0.49807681771776796,0.5,0,0.5019231822822321,0.55,0,0.0,0,0,0.55,0.2,accuracy_cov,0.0,1.0,0.0,0.0,<=0.53
809983,2025-07-19,LEO,PUE,0.0,0.0,1,1.0,1.0,0.0,0.0,0.0,0.0,0.0,0.0,0.0,0.0,0.0,0.0,-1.11,-1.11,0.0,f5,17,0.6535039011379018,0.48910857925648993,0.5,0,0.51089142074351,0.55,0,0.0,1,0,0.55,0.2,accuracy_cov,0.0,1.0,0.0,0.0,<=0.53
809152,2025-07-22,QRO,LEO,0.0,0.0,1,1.0,1.0,0.0,0.0,0.0,0.0,0.0,0.0,0.0,0.0,0.0,0.0,-1.11,-1.11,0.0,f5,18,0.4587799018021219,0.4370606970569731,0.5,0,0.562939302943027,0.59,0,0.0,0,0,0.59,0.0,accuracy_cov,0.0,1.0,0.0,0.0,0.56-0.60
809199,2025-07-22,VER,PUE,0.0,0.0,1,1.0,1.0,0.0,0.0,0.0,0.0,0.0,0.0,0.0,0.0,0.0,0.0,-1.11,-1.11,0.0,f5,18,0.4403466412057595,0.43488315508667114,0.5,0,0.5651168449133288,0.59,0,0.0,0,0,0.59,0.0,accuracy_cov,0.0,1.0,0.0,0.0,0.56-0.60
809249,2025-07-22,TIJ,JAL,0.0,0.0,1,1.0,1.0,0.0,0.0,0.0,0.0,0.0,0.0,0.0,0.0,0.0,0.0,-1.11,-1.11,0.0,f5,18,0.49277621574275987,0.4410830299785055,0.5,0,0.5589169700214944,0.59,0,0.0,1,0,0.59,0.0,accuracy_cov,0.0,1.0,0.0,0.0,0.53-0.56
809384,2025-07-22,CHI,DUR,0.0,0.0,1,1.0,1.0,0.0,0.0,0.0,0.0,0.0,0.0,0.0,0.0,0.0,0.0,-1.11,-1.11,0.0,f5,18,0.10465553303693212,0.3957459627742081,0.5,0,0.6042540372257919,0.59,0,0.0,1,0,0.59,0.0,accuracy_cov,0.0,1.0,0.0,0.0,0.60-0.65
809427,2025-07-22,TIG,CAM,0.0,0.0,1,1.0,1.0,0.0,0.0,0.0,0.0,0.0,0.0,0.0,0.0,0.0,0.0,-1.11,-1.11,0.0,f5,18,0.3411204026869262,0.4232065849788539,0.5,0,0.5767934150211461,0.59,0,0.0,0,0,0.59,0.0,accuracy_cov,0.0,1.0,0.0,0.0,0.56-0.60
809847,2025-07-22,YUC,MEX,0.0,0.0,1,0.45,1.0,-0.55,0.3,0.0,0.3,0.0,0.0,0.0,0.0,0.0,0.0,-1.8,-1.11,-0.6900000000000002,f5,18,0.21664216521001795,0.4086803389222631,0.5,0,0.5913196610777369,0.59,0,0.0,1,1,0.59,0.0,accuracy_cov,0.0,1.0,0.0,0.0,0.56-0.60
809899,2025-07-22,LAG,MVA,0.0,0.0,1,1.0,1.0,0.0,0.0,0.0,0.0,0.0,0.0,0.0,0.0,0.0,0.0,-1.11,-1.11,0.0,f5,18,0.21227374461167636,0.40817328633875305,0.5,0,0.591826713661247,0.59,0,0.0,1,1,0.59,0.0,accuracy_cov,0.0,1.0,0.0,0.0,0.56-0.60
809944,2025-07-22,TAB,OAX,0.0,0.0,1,1.0,1.0,0.0,0.0,0.0,0.0,0.0,0.0,0.0,0.0,0.0,0.0,-1.11,-1.11,0.0,f5,18,0.3544465710930513,0.42477007803634803,0.5,0,0.575229921963652,0.59,0,0.0,0,0,0.59,0.0,accuracy_cov,0.0,1.0,0.0,0.0,0.56-0.60
809248,2025-07-25,TIJ,SLT,0.0,0.0,1,1.0,1.0,0.0,0.0,0.0,0.0,0.0,0.0,0.0,0.0,0.0,0.0,-1.11,-1.11,0.0,f5,19,0.2771914611226897,0.4154875336100103,0.5,0,0.5845124663899897,0.59,0,0.0,1,0,0.59,0.5,accuracy_cov,0.0,1.0,0.0,0.0,0.56-0.60
809337,2025-07-25,OAX,YUC,0.0,0.0,0,1.0,1.0,0.0,0.0,0.0,0.0,0.0,0.0,0.0,0.0,0.0,0.0,-1.11,-1.11,0.0,f5,19,0.1962447011736327,0.40751616176592587,0.5,0,0.5924838382340741,0.59,0,0.0,1,0,0.66,0.5,accuracy_cov,0.0,1.0,0.0,0.0,0.56-0.60
809476,2025-07-25,MTY,LAG,0.0,0.0,0,1.0,1.0,0.0,0.0,0.0,0.0,0.0,0.0,0.0,0.0,0.0,0.0,-1.11,-1.11,0.0,f5,19,0.35481496094686393,0.4231734631267424,0.5,0,0.5768265368732576,0.59,0,0.0,0,0,0.66,0.5,accuracy_cov,0.0,1.0,0.0,0.0,0.56-0.60
809524,2025-07-25,MVA,JAL,0.0,0.0,0,1.0,1.0,0.0,0.0,0.0,0.0,0.0,0.0,0.0,0.0,0.0,0.0,-1.11,-1.11,0.0,f5,19,0.45653509082213123,0.4333013358724622,0.5,0,0.5666986641275378,0.59,0,0.0,1,0,0.66,0.5,accuracy_cov,0.0,1.0,0.0,0.0,0.56-0.60
809570,2025-07-25,LAR,CHI,0.0,0.0,1,1.0,1.0,0.0,0.0,0.0,0.0,0.0,0.0,0.0,0.0,0.0,0.0,-1.11,-1.11,0.0,f5,19,0.48472632969668533,0.43611849420194104,0.5,0,0.563881505798059,0.59,0,0.0,0,0,0.59,0.5,accuracy_cov,0.0,1.0,0.0,0.0,0.56-0.60
809625,2025-07-25,MEX,TIG,0.0,0.0,0,1.0,1.0,0.0,0.0,0.0,0.0,0.0,0.0,0.0,0.0,0.0,0.0,-1.11,-1.11,0.0,f5,19,0.2805032200314912,0.4158146386882831,0.5,0,0.5841853613117169,0.59,0,0.0,0,0,0.66,0.5,accuracy_cov,0.0,1.0,0.0,0.0,0.56-0.60
809668,2025-07-25,DUR,AGS,0.0,0.0,1,1.0,1.0,0.0,0.0,0.0,0.0,0.0,0.0,0.0,0.0,0.0,0.0,-1.11,-1.11,0.0,f5,19,0.7440828468863536,0.46220691981400575,0.5,0,0.5377930801859943,0.59,0,0.0,0,0,0.59,0.5,accuracy_cov,0.0,1.0,0.0,0.0,0.53-0.56
809713,2025-07-25,CAM,LEO,0.0,0.0,1,1.0,1.0,0.0,0.0,0.0,0.0,0.0,0.0,0.0,0.0,0.0,0.0,-1.11,-1.11,0.0,f5,19,0.3608725820663593,0.4237748793976266,0.5,0,0.5762251206023734,0.59,0,0.0,0,0,0.59,0.5,accuracy_cov,0.0,1.0,0.0,0.0,0.56-0.60
809753,2025-07-25,PUE,VER,0.0,0.0,1,1.0,1.0,0.0,0.0,0.0,0.0,0.0,0.0,0.0,0.0,0.0,0.0,-1.11,-1.11,0.0,f5,19,0.2675198147394082,0.4145326845510678,0.5,0,0.5854673154489323,0.59,0,0.0,0,0,0.59,0.5,accuracy_cov,0.0,1.0,0.0,0.0,0.56-0.60
809940,2025-07-25,TAB,QRO,0.0,0.0,0,1.0,1.0,0.0,0.0,0.0,0.0,0.0,0.0,0.0,0.0,0.0,0.0,-1.11,-1.11,0.0,f5,19,0.6570714359425462,0.4534241870270119,0.5,0,0.5465758129729881,0.59,0,0.0,0,0,0.66,0.5,accuracy_cov,0.0,1.0,0.0,0.0,0.53-0.56
809433,2025-07-28,TIG,OAX,0.0,0.0,1,1.0,1.0,0.0,0.0,0.0,0.0,0.0,0.0,0.0,0.0,0.0,0.0,-1.11,-1.11,0.0,f5,20,0.5379025545303506,0.4489623468399459,0.5,0,0.551037653160054,0.55,0,0.0,0,1,0.55,0.0,accuracy_cov,0.0,1.0,0.0,0.0,0.53-0.56
809099,2025-07-31,JAL,LAR,0.0,0.0,1,1.0,1.0,0.0,0.0,0.0,0.0,0.0,0.0,0.0,0.0,0.0,0.0,-1.11,-1.11,0.0,f5,21,0.6838060065330228,0.49129019266983887,0.5,0,0.5087098073301611,0.55,1,0.0,0,0,0.5650000000000001,0.25,accuracy_cov,0.0,1.0,0.0,0.0,<=0.53
809142,2025-07-31,QRO,PUE,0.0,0.0,0,1.0,1.0,0.0,0.0,0.0,0.0,0.0,0.0,0.0,0.0,0.0,0.0,-1.11,-1.11,0.0,f5,21,0.23778130126162678,0.47479921150402915,0.5,0,0.5252007884959708,0.55,1,0.0,0,0,0.645,0.25,accuracy_cov,0.0,1.0,0.0,0.0,<=0.53
809291,2025-07-31,DUR,MTY,0.0,0.0,1,1.0,1.0,0.0,0.0,0.0,0.0,0.0,0.0,0.0,0.0,0.0,0.0,-1.11,-1.11,0.0,f5,21,0.1092633712293553,0.4700560859925249,0.5,0,0.5299439140074751,0.55,1,0.0,1,0,0.5650000000000001,0.25,accuracy_cov,0.0,1.0,0.0,0.0,<=0.53
809383,2025-07-31,CHI,MVA,0.0,0.0,1,1.0,1.0,0.0,0.0,0.0,0.0,0.0,0.0,0.0,0.0,0.0,0.0,-1.11,-1.11,0.0,f5,21,0.7456406315336654,0.49357873213364023,0.5,0,0.5064212678663598,0.55,1,0.0,0,0,0.5650000000000001,0.25,accuracy_cov,0.0,1.0,0.0,0.0,<=0.53
809655,2025-07-31,AGS,SLT,0.0,0.0,0,1.0,1.0,0.0,0.0,0.0,0.0,0.0,0.0,0.0,0.0,0.0,0.0,-1.11,-1.11,0.0,f5,21,0.27786207451434825,0.4762794169711154,0.5,0,0.5237205830288846,0.55,1,0.0,0,0,0.645,0.25,accuracy_cov,0.0,1.0,0.0,0.0,<=0.53
809846,2025-07-31,YUC,VER,0.0,0.0,1,1.0,1.0,0.0,0.0,0.0,0.0,0.0,0.0,0.0,0.0,0.0,0.0,-1.11,-1.11,0.0,f5,21,0.13744035201956767,0.47109556218090864,0.5,0,0.5289044378190914,0.55,1,0.0,0,0,0.5650000000000001,0.25,accuracy_cov,0.0,1.0,0.0,0.0,<=0.53
809900,2025-07-31,LAG,TIJ,0.0,0.0,1,1.0,1.0,0.0,0.0,0.0,0.0,0.0,0.0,0.0,0.0,0.0,0.0,-1.11,-1.11,0.0,f5,21,0.12073840136739067,0.47047938016027663,0.5,0,0.5295206198397233,0.55,1,0.0,0,0,0.5650000000000001,0.25,accuracy_cov,0.0,1.0,0.0,0.0,<=0.53
809933,2025-07-31,TAB,LEO,0.0,0.0,1,1.0,1.0,0.0,0.0,0.0,0.0,0.0,0.0,0.0,0.0,0.0,0.0,-1.11,-1.11,0.0,f5,21,0.6525869107891514,0.490134886392599,0.5,0,0.509865113607401,0.55,1,0.0,0,0,0.5650000000000001,0.25,accuracy_cov,0.0,1.0,0.0,0.0,<=0.53
809143,2025-08-03,QRO,TIG,0.0,0.0,1,1.0,1.0,0.0,0.0,0.0,0.0,0.0,0.0,0.0,0.0,0.0,0.0,-1.11,-1.11,0.0,f5,22,0.6904768170201988,0.410293343906849,0.5,0,0.589706656093151,0.63,0,0.0,1,0,0.63,0.2,accuracy_cov,0.0,1.0,0.0,0.0,0.56-0.60
809193,2025-08-03,VER,CAM,0.0,0.0,0,1.0,1.0,0.0,0.0,0.0,0.0,0.0,0.0,0.0,0.0,0.0,0.0,-1.11,-1.11,0.0,f5,22,0.7578146870578504,0.4168401672684696,0.5,0,0.5831598327315304,0.63,0,0.0,1,0,0.66,0.2,accuracy_cov,0.0,1.0,0.0,0.0,0.56-0.60
809242,2025-08-03,TIJ,MVA,0.0,0.0,1,1.0,1.0,0.0,0.0,0.0,0.0,0.0,0.0,0.0,0.0,0.0,0.0,-1.11,-1.11,0.0,f5,22,0.7873726287165348,0.41972332663939654,0.5,0,0.5802766733606035,0.63,0,0.0,1,0,0.63,0.2,accuracy_cov,0.0,1.0,0.0,0.0,0.56-0.60
809289,2025-08-03,DUR,JAL,0.0,0.0,1,1.0,1.0,0.0,0.0,0.0,0.0,0.0,0.0,0.0,0.0,0.0,0.0,-1.11,-1.11,0.0,f5,22,0.2937657706237732,0.3724346298641784,0.5,0,0.6275653701358216,0.63,0,0.0,0,0,0.63,0.2,accuracy_cov,0.0,1.0,0.0,0.0,0.60-0.65
809474,2025-08-03,MTY,CHI,0.0,0.0,1,1.0,1.0,0.0,0.0,0.0,0.0,0.0,0.0,0.0,0.0,0.0,0.0,-1.11,-1.11,0.0,f5,22,0.9434154968250288,0.4350306919468308,0.5,0,0.5649693080531693,0.63,0,0.0,0,0,0.63,0.2,accuracy_cov,0.0,1.0,0.0,0.0,0.56-0.60
809615,2025-08-03,MEX,TAB,0.0,0.0,1,1.0,1.0,0.0,0.0,0.0,0.0,0.0,0.0,0.0,0.0,0.0,0.0,-1.11,-1.11,0.0,f5,22,0.15116696132531607,0.3591739355366644,0.5,0,0.6408260644633357,0.63,0,0.0,1,0,0.63,0.2,accuracy_cov,0.0,1.0,0.0,0.0,0.60-0.65
809757,2025-08-03,PUE,YUC,0.0,0.0,1,1.0,1.0,0.0,0.0,0.0,0.0,0.0,0.0,0.0,0.0,0.0,0.0,-1.11,-1.11,0.0,f5,22,0.25051732263696014,0.3683914461122972,0.5,0,0.6316085538877028,0.63,0,0.0,1,0,0.63,0.2,accuracy_cov,0.0,1.0,0.0,0.0,0.60-0.65
809792,2025-08-03,SLT,LAR,0.0,0.0,1,1.0,1.0,0.0,0.0,0.0,0.0,0.0,0.0,0.0,0.0,0.0,0.0,-1.11,-1.11,0.0,f5,22,0.6251908276471828,0.40397618860509715,0.5,0,0.5960238113949028,0.63,0,0.0,0,0,0.63,0.2,accuracy_cov,0.0,1.0,0.0,0.0,0.56-0.60
809887,2025-08-03,LAG,AGS,0.0,0.0,0,1.0,1.0,0.0,0.0,0.0,0.0,0.0,0.0,0.0,0.0,0.0,0.0,-1.11,-1.11,0.0,f5,22,0.30592698726994205,0.37357479982436076,0.5,0,0.6264252001756392,0.63,0,0.0,1,0,0.66,0.2,accuracy_cov,0.0,1.0,0.0,0.0,0.60-0.65
809989,2025-08-03,LEO,OAX,0.0,0.0,1,1.0,1.0,0.0,0.0,0.0,0.0,0.0,0.0,0.0,0.0,0.0,0.0,-1.11,-1.11,0.0,f5,22,0.7881654723114728,0.4198007391313515,0.5,0,0.5801992608686485,0.63,0,0.0,0,0,0.63,0.2,accuracy_cov,0.0,1.0,0.0,0.0,0.56-0.60
809101,2025-08-06,JAL,CHI,0.0,0.0,1,1.0,1.0,0.0,0.0,0.0,0.0,0.0,0.0,0.0,0.0,0.0,0.0,-1.11,-1.11,0.0,f5,23,0.641316878231143,0.4814071354307607,0.5,0,0.5185928645692393,0.55,0,0.0,0,0,0.55,0.2727272727272727,accuracy_cov,0.0,1.0,0.0,0.0,<=0.53
809195,2025-08-06,VER,TAB,0.0,0.0,1,1.0,1.0,0.0,0.0,0.0,0.0,0.0,0.0,0.0,0.0,0.0,0.0,-1.11,-1.11,0.0,f5,23,0.25261892038098976,0.5246479858740938,0.5,1,0.5246479858740938,0.55,0,0.0,1,0,0.55,0.2727272727272727,accuracy_cov,0.0,1.0,0.0,0.0,<=0.53
809240,2025-08-06,TIJ,DUR,0.0,0.0,1,1.0,1.0,0.0,0.0,0.0,0.0,0.0,0.0,0.0,0.0,0.0,0.0,-1.11,-1.11,0.0,f5,23,0.6118801084170591,0.4846802233757268,0.5,0,0.5153197766242732,0.55,0,0.0,0,0,0.55,0.2727272727272727,accuracy_cov,0.0,1.0,0.0,0.0,<=0.53
809334,2025-08-06,OAX,PUE,0.0,0.0,1,1.0,1.0,0.0,0.0,0.0,0.0,0.0,0.0,0.0,0.0,0.0,0.0,-1.11,-1.11,0.0,f5,23,0.24908119945550616,0.5250408286725615,0.5,1,0.5250408286725615,0.55,0,0.0,1,0,0.55,0.2727272727272727,accuracy_cov,0.0,1.0,0.0,0.0,<=0.53
809428,2025-08-06,TIG,YUC,0.0,0.0,1,1.0,1.0,0.0,0.0,0.0,0.0,0.0,0.0,0.0,0.0,0.0,0.0,-1.11,-1.11,0.0,f5,23,0.4562853761329384,0.5019960478099315,0.5,1,0.5019960478099315,0.55,0,0.0,0,0,0.55,0.2727272727272727,accuracy_cov,0.0,1.0,0.0,0.0,<=0.53
809522,2025-08-06,MVA,AGS,0.0,0.0,1,1.0,1.0,0.0,0.0,0.0,0.0,0.0,0.0,0.0,0.0,0.0,0.0,-1.11,-1.11,0.0,f5,23,0.7018933642495451,0.47467693650499904,0.5,0,0.525323063495001,0.55,0,0.0,1,0,0.55,0.2727272727272727,accuracy_cov,0.0,1.0,0.0,0.0,<=0.53
809575,2025-08-06,LAR,MTY,0.0,0.0,1,1.0,1.0,0.0,0.0,0.0,0.0,0.0,0.0,0.0,0.0,0.0,0.0,-1.11,-1.11,0.0,f5,23,0.30559835997210005,0.5187615558880421,0.5,1,0.5187615558880421,0.55,0,0.0,1,0,0.55,0.2727272727272727,accuracy_cov,0.0,1.0,0.0,0.0,<=0.53
809708,2025-08-06,CAM,QRO,0.0,0.0,0,1.0,1.0,0.0,0.0,0.0,0.0,0.0,0.0,0.0,0.0,0.0,0.0,-1.11,-1.11,0.0,f5,23,0.38830045539928537,0.5095628975359666,0.5,1,0.5095628975359666,0.55,0,0.0,0,0,0.63,0.2727272727272727,accuracy_cov,0.0,1.0,0.0,0.0,<=0.53
809715,2025-08-06,CAM,QRO,0.0,0.0,0,1.0,1.0,0.0,0.0,0.0,0.0,0.0,0.0,0.0,0.0,0.0,0.0,-1.11,-1.11,0.0,f5,23,0.26863909845599687,0.5228686659539359,0.5,1,0.5228686659539359,0.55,0,0.0,0,0,0.63,0.2727272727272727,accuracy_cov,0.0,1.0,0.0,0.0,<=0.53
809886,2025-08-06,LAG,SLT,0.0,0.0,0,1.0,1.0,0.0,0.0,0.0,0.0,0.0,0.0,0.0,0.0,0.0,0.0,-1.11,-1.11,0.0,f5,23,0.9286994554579775,0.44957940949179864,0.5,0,0.5504205905082014,0.55,0,0.0,1,0,0.63,0.2727272727272727,accuracy_cov,0.0,1.0,0.0,0.0,0.53-0.56
809981,2025-08-06,LEO,MEX,0.0,0.0,1,1.0,1.0,0.0,0.0,0.0,0.0,0.0,0.0,0.0,0.0,0.0,0.0,-1.11,-1.11,0.0,f5,23,0.7401661314327086,0.47042931897368934,0.5,0,0.5295706810263107,0.55,0,0.0,0,0,0.55,0.2727272727272727,accuracy_cov,0.0,1.0,0.0,0.0,<=0.53
810058,2025-08-10,CAM,PUE,0.0,0.0,1,1.0,1.0,0.0,0.0,0.0,0.0,0.0,0.0,0.0,0.0,0.0,0.0,-1.11,-1.11,0.0,f5,24,0.21838477091812827,0.6597886657079878,0.5,1,0.6597886657079878,0.65,0,0.0,1,1,0.65,0.0,accuracy_cov,0.0,1.0,0.0,0.0,0.65+
810063,2025-08-10,OAX,VER,0.0,0.0,1,1.0,1.0,0.0,0.0,0.0,0.0,0.0,0.0,0.0,0.0,0.0,0.0,-1.11,-1.11,0.0,f5,24,0.7636914598351787,0.5158061761102072,0.5,1,0.5158061761102072,0.65,0,0.0,1,0,0.65,0.0,accuracy_cov,0.0,1.0,0.0,0.0,<=0.53
810070,2025-08-10,MEX,YUC,0.0,0.0,1,1.0,1.0,0.0,0.0,0.0,0.0,0.0,0.0,0.0,0.0,0.0,0.0,-1.11,-1.11,0.0,f5,24,0.3566076272244426,0.6249219491352472,0.5,1,0.6249219491352472,0.65,0,0.0,1,0,0.65,0.0,accuracy_cov,0.0,1.0,0.0,0.0,0.60-0.65
810075,2025-08-10,MVA,LAR,0.0,0.0,1,1.0,1.0,0.0,0.0,0.0,0.0,0.0,0.0,0.0,0.0,0.0,0.0,-1.11,-1.11,0.0,f5,24,0.6786561882887517,0.5390877433016987,0.5,1,0.5390877433016987,0.65,0,0.0,1,0,0.65,0.0,accuracy_cov,0.0,1.0,0.0,0.0,0.53-0.56
810078,2025-08-10,TIJ,LAG,0.0,0.0,1,1.0,1.0,0.0,0.0,0.0,0.0,0.0,0.0,0.0,0.0,0.0,0.0,-1.11,-1.11,0.0,f5,24,0.6519264604039103,0.5463757081991651,0.5,1,0.5463757081991651,0.65,0,0.0,0,0,0.65,0.0,accuracy_cov,0.0,1.0,0.0,0.0,0.53-0.56
810085,2025-08-10,MTY,JAL,0.0,0.0,1,1.0,1.0,0.0,0.0,0.0,0.0,0.0,0.0,0.0,0.0,0.0,0.0,-1.11,-1.11,0.0,f5,24,0.4032666446443326,0.6128315448851586,0.5,1,0.6128315448851586,0.65,0,0.0,0,0,0.65,0.0,accuracy_cov,0.0,1.0,0.0,0.0,0.60-0.65
810073,2025-08-14,LAR,MVA,0.0,0.0,1,1.0,1.0,0.0,0.0,0.0,0.0,0.0,0.0,0.0,0.0,0.0,0.0,-1.11,-1.11,0.0,f5,25,0.5718783497116471,0.5774586881026189,0.5,1,0.5774586881026189,0.6,0,0.0,0,0,0.6,0.0,accuracy_cov,0.0,1.0,0.0,0.0,0.56-0.60
810081,2025-08-14,LAG,TIJ,0.0,0.0,1,1.0,1.0,0.0,0.0,0.0,0.0,0.0,0.0,0.0,0.0,0.0,0.0,-1.11,-1.11,0.0,f5,25,0.8444610441986691,0.5556376324046861,0.5,1,0.5556376324046861,0.6,0,0.0,0,0,0.6,0.0,accuracy_cov,0.0,1.0,0.0,0.0,0.53-0.56
810088,2025-08-14,JAL,MTY,0.0,0.0,1,1.0,1.0,0.0,0.0,0.0,0.0,0.0,0.0,0.0,0.0,0.0,0.0,-1.11,-1.11,0.0,f5,25,0.1829031079092516,0.6080618092621758,0.5,1,0.6080618092621758,0.6,0,0.0,0,0,0.6,0.0,accuracy_cov,0.0,1.0,0.0,0.0,0.60-0.65
