game_id,date,season,home_team,away_team,home_pts_total,away_pts_total,home_q1,home_q2,home_q3,home_q4,away_q1,away_q2,away_q3,away_q4,attendance,odds_spread,home_spread,spread_abs,home_is_favorite,odds_over_under,home_top_scorer_pts,away_top_scorer_pts
E2025-1,2025-09-30,2025-26,EFS,MTA,85,78,21,19,20,25,19,25,15,19,2110,No Line,0.0,0.0,0,0.0,16,15
E2025-2,2025-09-30,2025-26,BKN,OLY,96,102,20,28,22,26,27,22,24,29,8572,No Line,0.0,0.0,0,0.0,23,24
E2025-3,2025-09-30,2025-26,CZV,EA7,82,92,20,21,22,19,22,23,24,23,17382,No Line,0.0,0.0,0,0.0,19,21
E2025-4,2025-09-30,2025-26,DUB,PAR,89,76,28,19,21,21,18,22,16,20,6063,No Line,0.0,0.0,0,0.0,20,13
E2025-5,2025-09-30,2025-26,HTA,BAR,103,87,26,25,31,21,26,19,25,17,8000,No Line,0.0,0.0,0,0.0,20,23
E2025-6,2025-09-30,2025-26,PAO,BAY,87,79,23,24,21,19,22,19,20,18,18480,No Line,0.0,0.0,0,0.0,21,18
E2025-7,2025-09-30,2025-26,VIR,RMB,74,68,14,24,17,19,19,16,15,18,5471,No Line,0.0,0.0,0,0.0,14,14
E2025-10,2025-10-01,2025-26,ASV,VBC,77,80,18,17,26,16,19,15,26,20,4671,No Line,0.0,0.0,0,0.0,17,15
E2025-8,2025-10-01,2025-26,FBB,PBB,96,77,25,18,27,26,19,21,19,18,10414,No Line,0.0,0.0,0,0.0,22,23
E2025-9,2025-10-01,2025-26,ASM,ZAL,84,89,20,15,25,24,27,18,22,22,4221,No Line,0.0,0.0,0,0.0,24,21
E2025-11,2025-10-02,2025-26,BAY,CZV,97,88,24,26,27,20,28,27,16,17,11500,No Line,0.0,0.0,0,0.0,31,27
E2025-12,2025-10-02,2025-26,PAR,EA7,80,78,21,24,24,11,19,14,29,16,19214,No Line,0.0,0.0,0,0.0,20,21
E2025-13,2025-10-02,2025-26,RMB,OLY,89,77,19,28,17,25,29,24,16,8,7920,No Line,0.0,0.0,0,0.0,18,20
E2025-14,2025-10-03,2025-26,EFS,HTA,81,87,22,24,13,22,21,14,26,26,2788,No Line,0.0,0.0,0,0.0,25,17
E2025-15,2025-10-03,2025-26,MTA,PBB,94,101,20,21,22,31,27,21,26,27,201,No Line,0.0,0.0,0,0.0,16,21
E2025-16,2025-10-03,2025-26,ASM,DUB,103,81,26,24,29,24,23,23,13,22,4137,No Line,0.0,0.0,0,0.0,19,16
E2025-17,2025-10-03,2025-26,ASV,BKN,102,95,26,22,29,25,33,12,21,29,8276,No Line,0.0,0.0,0,0.0,23,18
E2025-18,2025-10-03,2025-26,PAO,BAR,96,103,17,28,24,27,26,25,24,28,18492,No Line,0.0,0.0,0,0.0,27,23
E2025-19,2025-10-03,2025-26,VBC,VIR,103,94,26,23,26,28,23,23,25,23,14606,No Line,0.0,0.0,0,0.0,23,24
E2025-20,2025-10-03,2025-26,ZAL,FBB,84,81,29,14,22,19,20,17,16,28,15203,No Line,0.0,0.0,0,0.0,20,36
E2025-21,2025-10-08,2025-26,HTA,MTA,90,103,25,20,25,20,24,21,27,31,3595,No Line,0.0,0.0,0,0.0,18,20
E2025-22,2025-10-09,2025-26,BKN,PAO,84,86,14,22,20,28,20,22,29,15,8662,No Line,0.0,0.0,0,0.0,16,30
E2025-23,2025-10-09,2025-26,EA7,ASM,79,82,17,19,26,17,22,19,25,16,6668,No Line,0.0,0.0,0,0.0,15,18
E2025-24,2025-10-09,2025-26,PBB,VIR,90,79,24,25,23,18,24,16,20,19,6525,No Line,0.0,0.0,0,0.0,20,21
E2025-25,2025-10-09,2025-26,RMB,ASV,85,72,27,21,18,19,19,18,16,19,7165,No Line,0.0,0.0,0,0.0,17,16
E2025-26,2025-10-09,2025-26,PAR,EFS,93,87,31,24,16,22,24,19,26,18,19558,No Line,0.0,0.0,0,0.0,24,24
E2025-27,2025-10-10,2025-26,OLY,DUB,86,67,23,20,28,15,16,15,21,15,11676,No Line,0.0,0.0,0,0.0,25,14
E2025-28,2025-10-10,2025-26,BAR,VBC,108,102,26,22,30,30,25,24,26,27,5363,No Line,0.0,0.0,0,0.0,27,21
E2025-29,2025-10-10,2025-26,BAY,ZAL,70,98,20,13,24,13,26,19,23,30,11500,No Line,0.0,0.0,0,0.0,15,19
E2025-30,2025-10-10,2025-26,FBB,CZV,81,86,17,13,18,33,25,18,13,30,12213,No Line,0.0,0.0,0,0.0,19,20
E2025-31,2025-10-14,2025-26,CZV,ZAL,88,79,23,22,12,31,27,12,19,21,18271,No Line,0.0,0.0,0,0.0,24,14
E2025-32,2025-10-14,2025-26,BAY,EA7,64,53,16,12,18,18,14,19,7,13,11500,No Line,0.0,0.0,0,0.0,15,11
E2025-33,2025-10-14,2025-26,FBB,DUB,69,93,20,11,17,21,25,21,25,22,7314,No Line,0.0,0.0,0,0.0,12,26
E2025-34,2025-10-14,2025-26,OLY,EFS,78,82,25,26,16,11,28,20,19,15,10540,No Line,0.0,0.0,0,0.0,14,20
E2025-35,2025-10-14,2025-26,MTA,BAR,71,92,18,14,16,23,31,29,13,19,400,No Line,0.0,0.0,0,0.0,18,19
E2025-36,2025-10-15,2025-26,PAO,ASV,91,85,26,22,20,23,19,20,21,25,17010,No Line,0.0,0.0,0,0.0,26,18
E2025-37,2025-10-15,2025-26,PBB,BKN,105,87,30,21,28,26,21,26,24,16,4976,No Line,0.0,0.0,0,0.0,29,20
E2025-38,2025-10-15,2025-26,RMB,PAR,93,86,24,28,23,18,12,21,23,30,8467,No Line,0.0,0.0,0,0.0,19,23
E2025-39,2025-10-15,2025-26,VBC,HTA,93,100,18,29,23,23,27,22,31,20,0,No Line,0.0,0.0,0,0.0,22,24
E2025-40,2025-10-15,2025-26,VIR,ASM,77,73,19,18,22,18,19,15,19,20,5471,No Line,0.0,0.0,0,0.0,24,16
E2025-41,2025-10-16,2025-26,DUB,BAR,83,78,24,9,25,25,15,19,22,22,6309,No Line,0.0,0.0,0,0.0,23,19
E2025-42,2025-10-16,2025-26,FBB,BAY,88,73,14,23,25,26,20,12,14,27,8650,No Line,0.0,0.0,0,0.0,15,13
E2025-43,2025-10-16,2025-26,MTA,OLY,94,95,24,24,22,24,22,18,25,30,620,No Line,0.0,0.0,0,0.0,24,23
E2025-44,2025-10-16,2025-26,ZAL,EA7,78,89,21,21,19,17,13,26,24,26,14920,No Line,0.0,0.0,0,0.0,20,15
E2025-45,2025-10-17,2025-26,EFS,PAO,81,95,21,21,10,29,22,21,26,26,9873,No Line,0.0,0.0,0,0.0,18,29
E2025-46,2025-10-17,2025-26,ASM,VBC,90,84,27,30,14,19,22,15,25,22,4177,No Line,0.0,0.0,0,0.0,16,18
E2025-47,2025-10-17,2025-26,BKN,PAR,79,91,20,20,24,15,22,26,18,25,8724,No Line,0.0,0.0,0,0.0,20,18
E2025-48,2025-10-17,2025-26,CZV,RMB,90,75,20,23,24,23,25,14,14,22,20293,No Line,0.0,0.0,0,0.0,18,16
E2025-49,2025-10-17,2025-26,ASV,VIR,83,90,24,18,22,19,21,19,21,29,5361,No Line,0.0,0.0,0,0.0,24,36
E2025-50,2025-10-17,2025-26,PBB,HTA,88,89,25,19,26,18,26,19,21,23,3352,No Line,0.0,0.0,0,0.0,23,18
E2025-51,2025-10-22,2025-26,MTA,RMB,92,91,17,40,19,16,27,21,26,17,526,No Line,0.0,0.0,0,0.0,27,24
E2025-52,2025-10-23,2025-26,CZV,BKN,90,72,21,19,32,18,20,23,15,14,19795,No Line,0.0,0.0,0,0.0,20,24
E2025-53,2025-10-23,2025-26,EA7,VBC,100,103,18,30,26,26,24,30,31,18,6545,No Line,0.0,0.0,0,0.0,31,18
E2025-54,2025-10-23,2025-26,BAR,ZAL,73,88,14,25,15,19,26,26,23,13,4125,No Line,0.0,0.0,0,0.0,17,20
E2025-55,2025-10-23,2025-26,HTA,ASM,85,77,27,17,18,23,18,16,29,14,3285,No Line,0.0,0.0,0,0.0,22,20
E2025-56,2025-10-23,2025-26,ASV,DUB,85,79,21,23,15,26,24,20,24,11,8185,No Line,0.0,0.0,0,0.0,24,22
E2025-57,2025-10-24,2025-26,EFS,FBB,69,79,24,19,15,11,18,26,14,21,8672,No Line,0.0,0.0,0,0.0,17,12
E2025-58,2025-10-24,2025-26,BAY,OLY,71,96,15,14,23,19,23,24,22,27,11500,No Line,0.0,0.0,0,0.0,15,19
E2025-59,2025-10-24,2025-26,PAR,PBB,83,101,26,20,14,23,26,22,23,30,20024,No Line,0.0,0.0,0,0.0,25,21
E2025-60,2025-10-24,2025-26,VIR,PAO,92,75,19,29,21,23,15,20,18,22,5471,No Line,0.0,0.0,0,0.0,22,19
E2025-61,2025-10-28,2025-26,BKN,DUB,92,85,26,15,23,28,20,22,18,25,7621,No Line,0.0,0.0,0,0.0,25,22
E2025-62,2025-10-28,2025-26,CZV,ASV,79,65,21,18,23,17,17,8,15,25,16872,No Line,0.0,0.0,0,0.0,24,13
E2025-63,2025-10-28,2025-26,BAR,EA7,74,72,14,22,28,10,19,22,20,11,5561,No Line,0.0,0.0,0,0.0,17,15
E2025-64,2025-10-28,2025-26,BAY,RMB,90,84,27,17,25,21,25,32,10,17,11500,No Line,0.0,0.0,0,0.0,29,20
E2025-65,2025-10-28,2025-26,PAO,MTA,99,85,24,23,21,31,25,24,17,19,18540,No Line,0.0,0.0,0,0.0,22,15
E2025-66,2025-10-28,2025-26,PBB,EFS,80,90,21,18,21,20,17,29,23,21,8202,No Line,0.0,0.0,0,0.0,17,19
E2025-67,2025-10-28,2025-26,VBC,FBB,94,79,27,24,25,18,13,22,21,23,11267,No Line,0.0,0.0,0,0.0,17,18
E2025-68,2025-10-28,2025-26,ZAL,VIR,86,65,25,17,16,28,11,22,17,15,14512,No Line,0.0,0.0,0,0.0,23,19
E2025-69,2025-10-29,2025-26,HTA,PAR,97,84,25,18,27,27,19,23,21,21,7647,No Line,0.0,0.0,0,0.0,17,19
E2025-70,2025-10-29,2025-26,OLY,ASM,87,92,20,18,22,27,16,21,27,28,12607,No Line,0.0,0.0,0,0.0,23,27
E2025-71,2025-10-30,2025-26,EA7,PBB,86,77,23,24,20,19,15,12,26,24,7005,No Line,0.0,0.0,0,0.0,13,24
E2025-72,2025-10-30,2025-26,BAY,VIR,86,70,18,23,20,25,15,23,17,15,11500,No Line,0.0,0.0,0,0.0,21,17
E2025-73,2025-10-30,2025-26,MTA,CZV,92,99,26,22,23,21,33,25,19,22,778,No Line,0.0,0.0,0,0.0,20,23
E2025-74,2025-10-30,2025-26,RMB,FBB,84,58,25,24,15,20,16,6,13,23,9076,No Line,0.0,0.0,0,0.0,15,14
E2025-75,2025-10-30,2025-26,VBC,DUB,80,78,23,15,22,20,20,21,23,14,10462,No Line,0.0,0.0,0,0.0,19,18
E2025-76,2025-10-30,2025-26,ZAL,ASV,96,59,26,22,25,23,15,20,9,15,14790,No Line,0.0,0.0,0,0.0,15,14
E2025-77,2025-10-31,2025-26,ASM,PAO,92,84,27,23,18,24,20,21,17,26,5000,No Line,0.0,0.0,0,0.0,15,26
E2025-78,2025-10-31,2025-26,BKN,EFS,86,75,22,21,22,21,11,28,19,17,7708,No Line,0.0,0.0,0,0.0,20,23
E2025-79,2025-10-31,2025-26,OLY,HTA,62,58,18,15,11,18,21,18,4,15,12277,No Line,0.0,0.0,0,0.0,14,13
E2025-80,2025-10-31,2025-26,PAR,BAR,76,78,17,24,15,20,18,15,25,20,20003,No Line,0.0,0.0,0,0.0,21,24
E2025-83,2025-11-05,2025-26,CZV,PAO,86,68,20,26,21,19,12,20,8,28,20787,No Line,0.0,0.0,0,0.0,14,16
E2025-81,2025-11-06,2025-26,PBB,BAY,82,86,19,23,26,14,22,31,11,22,5043,No Line,0.0,0.0,0,0.0,22,16
E2025-82,2025-11-06,2025-26,BKN,VIR,87,76,23,23,19,22,14,20,23,19,7534,No Line,0.0,0.0,0,0.0,16,18
E2025-84,2025-11-06,2025-26,DUB,HTA,97,109,26,22,19,30,25,22,35,27,0,No Line,0.0,0.0,0,0.0,36,25
E2025-85,2025-11-06,2025-26,FBB,ASV,81,67,18,27,14,22,10,24,14,19,7216,No Line,0.0,0.0,0,0.0,14,18
E2025-86,2025-11-06,2025-26,MTA,ASM,107,112,26,23,27,20,22,24,25,25,212,No Line,0.0,0.0,0,0.0,19,34
E2025-87,2025-11-07,2025-26,EFS,EA7,93,97,16,20,12,25,16,17,26,14,8921,No Line,0.0,0.0,0,0.0,34,25
E2025-88,2025-11-07,2025-26,BAR,RMB,92,101,24,24,21,23,34,24,27,16,7294,No Line,0.0,0.0,0,0.0,19,29
E2025-89,2025-11-07,2025-26,OLY,PAR,80,71,20,18,15,27,20,19,19,13,12750,No Line,0.0,0.0,0,0.0,15,20
E2025-90,2025-11-07,2025-26,ZAL,VBC,86,77,18,20,23,25,17,18,23,19,15154,No Line,0.0,0.0,0,0.0,15,15
E2025-91,2025-11-11,2025-26,FBB,MTA,84,75,20,20,25,19,15,15,26,19,2541,No Line,0.0,0.0,0,0.0,17,22
E2025-92,2025-11-11,2025-26,HTA,BKN,114,89,26,32,28,28,24,24,26,15,2920,No Line,0.0,0.0,0,0.0,24,19
E2025-93,2025-11-11,2025-26,PBB,PAO,95,101,28,15,29,23,27,25,20,29,11015,No Line,0.0,0.0,0,0.0,22,20
E2025-94,2025-11-11,2025-26,VBC,RMB,89,76,22,23,22,22,21,17,22,16,14922,No Line,0.0,0.0,0,0.0,16,23
E2025-95,2025-11-11,2025-26,VIR,EFS,99,89,28,20,28,23,24,21,28,16,5471,No Line,0.0,0.0,0,0.0,21,25
E2025-96,2025-11-11,2025-26,DUB,CZV,102,86,29,22,18,33,21,26,18,21,5169,No Line,0.0,0.0,0,0.0,20,16
E2025-97,2025-11-11,2025-26,PAR,ASM,78,76,19,17,28,14,20,12,17,27,19747,No Line,0.0,0.0,0,0.0,22,17
E2025-100,2025-11-12,2025-26,OLY,ZAL,95,78,28,22,24,21,14,22,17,25,12177,No Line,0.0,0.0,0,0.0,30,15
E2025-98,2025-11-12,2025-26,EA7,ASV,80,72,18,22,16,24,9,23,19,21,6113,No Line,0.0,0.0,0,0.0,23,25
E2025-99,2025-11-12,2025-26,BAY,BAR,74,75,15,17,25,17,20,23,18,14,11500,No Line,0.0,0.0,0,0.0,17,13
E2025-101,2025-11-13,2025-26,FBB,HTA,74,68,13,14,27,20,13,15,16,24,3040,No Line,0.0,0.0,0,0.0,15,19
E2025-102,2025-11-13,2025-26,MTA,BKN,89,83,25,28,18,18,18,25,25,15,100,No Line,0.0,0.0,0,0.0,19,19
E2025-103,2025-11-13,2025-26,PBB,VBC,90,86,15,22,30,23,14,35,22,15,4845,No Line,0.0,0.0,0,0.0,17,13
E2025-104,2025-11-13,2025-26,RMB,PAO,77,87,16,22,21,18,22,30,21,14,10176,No Line,0.0,0.0,0,0.0,20,19
E2025-105,2025-11-13,2025-26,CZV,ASM,91,79,23,19,23,26,25,21,18,15,19458,No Line,0.0,0.0,0,0.0,22,18
E2025-106,2025-11-14,2025-26,EFS,BAY,74,72,19,23,18,14,14,20,13,25,10000,No Line,0.0,0.0,0,0.0,26,15
E2025-107,2025-11-14,2025-26,DUB,ZAL,95,89,24,21,28,22,34,14,16,25,5341,No Line,0.0,0.0,0,0.0,21,22
E2025-108,2025-11-14,2025-26,EA7,OLY,88,87,27,20,20,21,21,22,13,31,10237,No Line,0.0,0.0,0,0.0,16,27
E2025-109,2025-11-14,2025-26,BAR,VIR,88,81,20,25,16,27,19,24,24,14,5264,No Line,0.0,0.0,0,0.0,17,17
E2025-110,2025-11-14,2025-26,ASV,PAR,88,87,26,16,24,22,20,16,27,24,5560,No Line,0.0,0.0,0,0.0,18,20
E2025-111,2025-11-19,2025-26,ASV,ASM,52,84,11,10,19,12,14,20,30,20,8603,No Line,0.0,0.0,0,0.0,7,12
E2025-112,2025-11-20,2025-26,EFS,BAR,74,73,18,17,23,16,19,27,9,18,9814,No Line,0.0,0.0,0,0.0,14,16
E2025-113,2025-11-20,2025-26,EA7,HTA,83,105,25,20,19,19,25,24,27,29,7779,No Line,0.0,0.0,0,0.0,16,20
E2025-114,2025-11-20,2025-26,PAO,DUB,103,82,25,20,30,28,24,24,14,20,18913,No Line,0.0,0.0,0,0.0,22,18
E2025-115,2025-11-20,2025-26,RMB,ZAL,100,99,22,21,19,38,16,21,25,37,9152,No Line,0.0,0.0,0,0.0,25,33
E2025-116,2025-11-21,2025-26,KBA,BAY,95,73,14,28,25,28,26,15,18,14,8113,No Line,0.0,0.0,0,0.0,18,14
E2025-117,2025-11-21,2025-26,OLY,PBB,98,86,21,37,17,23,29,20,20,17,12750,No Line,0.0,0.0,0,0.0,18,35
E2025-118,2025-11-21,2025-26,PAR,FBB,87,99,11,28,29,19,24,32,19,24,19561,No Line,0.0,0.0,0,0.0,27,19
E2025-119,2025-11-21,2025-26,VBC,CZV,76,73,26,23,11,16,26,13,21,13,12114,No Line,0.0,0.0,0,0.0,16,23
E2025-120,2025-11-21,2025-26,VIR,MTA,99,89,26,30,24,19,24,21,21,23,3631,No Line,0.0,0.0,0,0.0,26,19
E2025-121,2025-11-25,2025-26,DUB,PBB,90,89,17,29,13,31,32,13,21,23,5117,No Line,0.0,0.0,0,0.0,24,22
E2025-122,2025-11-25,2025-26,HTA,RMB,74,75,18,18,22,16,22,17,21,15,3420,No Line,0.0,0.0,0,0.0,14,19
E2025-123,2025-11-25,2025-26,PAO,PAR,91,69,27,21,25,18,31,13,6,19,18933,No Line,0.0,0.0,0,0.0,26,16
E2025-124,2025-11-25,2025-26,VBC,BAY,90,64,19,22,27,22,21,16,12,15,11340,No Line,0.0,0.0,0,0.0,16,12
E2025-125,2025-11-25,2025-26,ZAL,KBA,82,67,18,19,17,28,24,18,12,13,14755,No Line,0.0,0.0,0,0.0,23,18
E2025-126,2025-11-25,2025-26,FBB,VIR,66,64,15,15,20,16,17,14,16,17,7932,No Line,0.0,0.0,0,0.0,18,13
E2025-127,2025-11-26,2025-26,ASM,EFS,102,66,25,25,20,32,22,21,10,13,3978,No Line,0.0,0.0,0,0.0,17,16
E2025-128,2025-11-26,2025-26,CZV,OLY,91,80,21,16,22,32,15,23,27,15,19921,No Line,0.0,0.0,0,0.0,23,29
E2025-129,2025-11-26,2025-26,BAR,ASV,88,78,20,25,23,20,19,25,21,13,5418,No Line,0.0,0.0,0,0.0,24,22
E2025-130,2025-11-26,2025-26,MTA,EA7,88,102,25,23,14,26,27,27,25,23,185,No Line,0.0,0.0,0,0.0,21,26
E2025-131,2025-12-04,2025-26,ASM,PBB,125,104,35,23,33,34,29,17,24,34,4302,No Line,0.0,0.0,0,0.0,26,24
E2025-132,2025-12-04,2025-26,PAR,BAY,92,85,16,20,28,28,22,21,15,27,17249,No Line,0.0,0.0,0,0.0,22,25
E2025-133,2025-12-04,2025-26,HTA,ASV,87,80,27,20,17,23,17,24,23,16,780,No Line,0.0,0.0,0,0.0,18,20
E2025-135,2025-12-04,2025-26,ZAL,MTA,65,83,14,16,16,19,22,29,9,23,14873,No Line,0.0,0.0,0,0.0,13,23
E2025-136,2025-12-04,2025-26,EFS,RMB,75,81,17,24,18,16,17,20,23,21,9982,No Line,0.0,0.0,0,0.0,21,22
E2025-137,2025-12-05,2025-26,CZV,BAR,79,89,17,22,18,22,21,25,17,26,20610,No Line,0.0,0.0,0,0.0,19,22
E2025-138,2025-12-05,2025-26,KBA,EA7,88,78,23,26,21,18,20,22,12,24,8097,No Line,0.0,0.0,0,0.0,21,16
E2025-139,2025-12-05,2025-26,PAO,VBC,79,89,22,22,17,18,19,19,27,24,18911,No Line,0.0,0.0,0,0.0,23,19
E2025-140,2025-12-05,2025-26,VIR,DUB,79,78,26,13,15,25,17,27,12,22,8107,No Line,0.0,0.0,0,0.0,23,16
E2025-141,2025-12-11,2025-26,MTA,ASV,92,84,21,26,22,23,19,28,18,19,10169,No Line,0.0,0.0,0,0.0,29,21
E2025-143,2025-12-11,2025-26,EA7,PAO,96,89,21,33,26,16,26,18,15,30,10396,No Line,0.0,0.0,0,0.0,26,19
E2025-144,2025-12-11,2025-26,PBB,ZAL,105,108,29,27,17,32,28,20,32,28,6764,No Line,0.0,0.0,0,0.0,27,26
E2025-145,2025-12-11,2025-26,RMB,KBA,94,87,24,18,29,23,23,16,21,27,8141,No Line,0.0,0.0,0,0.0,17,22
E2025-146,2025-12-11,2025-26,VBC,EFS,94,82,22,23,26,23,20,19,20,23,10835,No Line,0.0,0.0,0,0.0,20,18
E2025-142,2025-12-12,2025-26,DUB,BAY,89,88,24,18,16,31,23,23,20,22,6017,No Line,0.0,0.0,0,0.0,22,21
E2025-147,2025-12-12,2025-26,ASM,FBB,86,92,21,25,23,17,14,24,22,32,4487,No Line,0.0,0.0,0,0.0,20,24
E2025-148,2025-12-12,2025-26,BAR,OLY,98,85,21,21,30,26,22,17,17,29,5572,No Line,0.0,0.0,0,0.0,28,22
E2025-149,2025-12-12,2025-26,PAR,CZV,79,76,15,20,14,30,18,21,21,16,21854,No Line,0.0,0.0,0,0.0,25,20
E2025-150,2025-12-12,2025-26,VIR,HTA,74,79,24,18,15,17,21,15,14,29,5112,No Line,0.0,0.0,0,0.0,21,22
E2025-151,2025-12-16,2025-26,DUB,MTA,95,97,30,22,14,29,23,28,28,18,0,No Line,0.0,0.0,0,0.0,26,21
E2025-152,2025-12-16,2025-26,EA7,RMB,89,82,23,27,16,23,21,18,21,22,3503,No Line,0.0,0.0,0,0.0,22,25
E2025-153,2025-12-16,2025-26,FBB,PAO,77,81,16,21,20,20,17,24,9,31,12813,No Line,0.0,0.0,0,0.0,22,25
E2025-154,2025-12-16,2025-26,HTA,CZV,84,78,21,19,21,23,21,16,22,19,6230,No Line,0.0,0.0,0,0.0,28,27
E2025-155,2025-12-16,2025-26,OLY,VBC,92,99,27,20,29,16,25,24,18,32,10897,No Line,0.0,0.0,0,0.0,24,21
E2025-156,2025-12-16,2025-26,PBB,BAR,69,85,13,16,23,17,30,22,16,17,7933,No Line,0.0,0.0,0,0.0,16,21
E2025-157,2025-12-17,2025-26,KBA,ASM,85,73,17,26,19,23,14,20,21,18,7234,No Line,0.0,0.0,0,0.0,19,21
E2025-158,2025-12-17,2025-26,ASV,BAY,76,74,15,27,9,25,22,16,24,12,8422,No Line,0.0,0.0,0,0.0,15,15
E2025-159,2025-12-17,2025-26,PAR,VIR,68,86,19,18,15,16,24,16,23,23,16435,No Line,0.0,0.0,0,0.0,15,20
E2025-160,2025-12-17,2025-26,ZAL,EFS,64,87,17,18,16,13,28,9,26,24,14506,No Line,0.0,0.0,0,0.0,11,18
E2025-161,2025-12-18,2025-26,EA7,FBB,72,87,11,21,23,17,19,21,16,31,3853,No Line,0.0,0.0,0,0.0,18,23
E2025-162,2025-12-18,2025-26,MTA,VBC,85,82,19,28,23,15,21,20,20,21,9054,No Line,0.0,0.0,0,0.0,14,15
E2025-163,2025-12-18,2025-26,PAO,HTA,93,82,22,23,20,28,17,29,16,20,18930,No Line,0.0,0.0,0,0.0,19,16
E2025-164,2025-12-18,2025-26,RMB,PBB,95,90,24,25,21,25,21,29,24,16,7923,No Line,0.0,0.0,0,0.0,21,19
E2025-165,2025-12-19,2025-26,EFS,DUB,76,80,20,17,20,19,17,13,22,28,9121,No Line,0.0,0.0,0,0.0,12,20
E2025-166,2025-12-19,2025-26,ASM,BAY,103,77,18,29,35,21,17,22,16,22,4258,No Line,0.0,0.0,0,0.0,18,13
E2025-167,2025-12-19,2025-26,CZV,VIR,90,89,23,22,25,20,15,31,24,19,14232,No Line,0.0,0.0,0,0.0,21,29
E2025-168,2025-12-19,2025-26,BAR,KBA,134,124,17,30,23,27,26,27,22,22,5462,No Line,0.0,0.0,0,0.0,43,33
E2025-169,2025-12-19,2025-26,OLY,ASV,107,84,26,18,31,32,14,20,22,28,11027,No Line,0.0,0.0,0,0.0,22,11
E2025-170,2025-12-19,2025-26,ZAL,PAR,109,68,28,25,29,27,15,15,18,20,14627,No Line,0.0,0.0,0,0.0,22,17
E2025-171,2025-12-23,2025-26,BAY,HTA,72,82,14,18,14,26,21,23,20,18,11500,No Line,0.0,0.0,0,0.0,18,18
E2025-172,2025-12-23,2025-26,FBB,BAR,72,71,17,18,18,19,13,20,19,19,9796,No Line,0.0,0.0,0,0.0,16,20
E2025-173,2025-12-23,2025-26,ASV,EFS,103,99,24,17,17,22,23,18,21,18,8791,No Line,0.0,0.0,0,0.0,28,20
E2025-174,2025-12-23,2025-26,PBB,CZV,102,92,28,23,28,23,18,28,12,34,12440,No Line,0.0,0.0,0,0.0,16,31
E2025-175,2025-12-23,2025-26,VBC,KBA,91,81,27,31,18,15,19,28,18,16,12320,No Line,0.0,0.0,0,0.0,18,17
E2025-176,2025-12-23,2025-26,ZAL,PAO,85,92,28,22,14,21,19,21,23,29,14815,No Line,0.0,0.0,0,0.0,22,22
E2025-177,2025-12-23,2025-26,DUB,EA7,99,92,31,25,16,27,20,29,22,21,5653,No Line,0.0,0.0,0,0.0,25,15
E2025-178,2025-12-26,2025-26,ASM,RMB,100,95,21,26,23,30,20,23,27,25,5000,No Line,0.0,0.0,0,0.0,22,28
E2025-179,2025-12-26,2025-26,PAR,MTA,87,112,31,12,16,28,30,28,34,20,13749,No Line,0.0,0.0,0,0.0,15,20
E2025-180,2025-12-26,2025-26,VIR,OLY,94,97,25,16,19,34,23,27,27,20,10059,No Line,0.0,0.0,0,0.0,17,23
E2025-181,2025-12-30,2025-26,BAR,ASM,74,90,13,17,23,21,22,25,22,21,7212,No Line,0.0,0.0,0,0.0,25,19
E2025-182,2025-12-30,2025-26,HTA,ZAL,80,93,25,15,13,27,18,21,24,30,10000,No Line,0.0,0.0,0,0.0,18,17
E2025-183,2025-12-30,2025-26,ASV,PBB,94,89,20,21,20,33,23,23,18,25,11536,No Line,0.0,0.0,0,0.0,28,26
E2025-184,2025-12-30,2025-26,VBC,PAR,86,73,18,25,22,21,22,21,20,10,12731,No Line,0.0,0.0,0,0.0,17,17
E2025-185,2026-01-02,2025-26,EFS,CZV,65,87,14,11,16,24,21,22,23,21,8168,No Line,0.0,0.0,0,0.0,17,24
E2025-186,2026-01-02,2025-26,KBA,FBB,93,108,28,25,29,11,24,29,32,23,14114,No Line,0.0,0.0,0,0.0,20,24
E2025-187,2026-01-02,2025-26,BAY,MTA,95,71,31,19,26,19,23,18,13,17,11500,No Line,0.0,0.0,0,0.0,18,13
E2025-188,2026-01-02,2025-26,PAO,OLY,82,87,13,30,18,21,28,15,18,26,18999,No Line,0.0,0.0,0,0.0,32,24
E2025-189,2026-01-02,2025-26,RMB,DUB,107,93,27,17,29,34,24,34,16,19,9875,No Line,0.0,0.0,0,0.0,20,26
E2025-190,2026-01-02,2025-26,VIR,EA7,97,85,14,33,30,20,27,20,19,19,10102,No Line,0.0,0.0,0,0.0,22,15
E2025-191,2026-01-06,2025-26,ASM,PAR,101,84,28,26,20,27,21,18,24,21,3898,No Line,0.0,0.0,0,0.0,14,19
E2025-192,2026-01-06,2025-26,CZV,VBC,89,106,20,17,27,25,34,20,23,29,5672,No Line,0.0,0.0,0,0.0,22,25
E2025-193,2026-01-06,2025-26,BAR,MTA,93,83,32,24,21,16,19,25,19,20,0,No Line,0.0,0.0,0,0.0,22,17
E2025-194,2026-01-06,2025-26,FBB,OLY,88,80,18,18,26,26,22,18,22,18,10452,No Line,0.0,0.0,0,0.0,17,24
E2025-195,2026-01-06,2025-26,HTA,DUB,85,60,17,19,33,16,24,17,13,6,7000,No Line,0.0,0.0,0,0.0,25,13
E2025-196,2026-01-06,2025-26,ASV,RMB,69,80,18,23,20,8,17,19,20,24,8803,No Line,0.0,0.0,0,0.0,14,21
E2025-197,2026-01-06,2025-26,PAO,EA7,74,87,20,23,15,16,15,23,23,26,18790,No Line,0.0,0.0,0,0.0,17,24
E2025-198,2026-01-06,2025-26,VIR,ZAL,83,79,25,18,20,20,22,12,22,23,7684,No Line,0.0,0.0,0,0.0,20,22
E2025-199,2026-01-07,2025-26,EFS,PBB,79,84,21,18,25,15,19,21,25,19,6403,No Line,0.0,0.0,0,0.0,17,27
E2025-200,2026-01-07,2025-26,BAY,KBA,96,89,24,14,22,36,19,27,23,20,10007,No Line,0.0,0.0,0,0.0,37,20
E2025-201,2026-01-08,2025-26,DUB,FBB,92,81,24,27,22,19,20,22,20,19,7029,No Line,0.0,0.0,0,0.0,22,21
E2025-202,2026-01-08,2025-26,RMB,MTA,98,86,21,27,28,22,25,22,18,21,0,No Line,0.0,0.0,0,0.0,16,14
E2025-203,2026-01-08,2025-26,VBC,ASM,92,101,28,14,28,22,26,27,23,25,12614,No Line,0.0,0.0,0,0.0,18,17
E2025-204,2026-01-08,2025-26,PAO,VIR,84,71,23,16,17,28,15,18,15,23,18213,No Line,0.0,0.0,0,0.0,21,24
E2025-206,2026-01-09,2025-26,KBA,ASV,78,73,24,20,14,20,19,16,24,14,7836,No Line,0.0,0.0,0,0.0,21,14
E2025-207,2026-01-09,2025-26,EA7,EFS,87,74,16,22,24,25,27,22,8,17,5362,No Line,0.0,0.0,0,0.0,31,19
E2025-208,2026-01-09,2025-26,BAR,PAR,88,70,13,28,21,26,20,15,15,20,5574,No Line,0.0,0.0,0,0.0,16,20
E2025-209,2026-01-09,2025-26,OLY,BAY,95,80,21,28,24,22,23,24,14,19,12122,No Line,0.0,0.0,0,0.0,25,21
E2025-210,2026-01-09,2025-26,ZAL,CZV,99,67,26,21,21,31,12,16,24,15,14430,No Line,0.0,0.0,0,0.0,17,18
E2025-219,2026-01-14,2025-26,PAR,OLY,66,104,17,13,13,23,20,32,27,25,4503,No Line,0.0,0.0,0,0.0,28,25
E2025-211,2026-01-15,2025-26,EFS,KBA,75,89,20,22,17,16,23,17,18,31,5115,No Line,0.0,0.0,0,0.0,12,18
E2025-212,2026-01-15,2025-26,BAY,PAO,85,78,25,15,18,27,24,19,21,14,11500,No Line,0.0,0.0,0,0.0,16,20
E2025-213,2026-01-15,2025-26,MTA,ZAL,100,97,27,25,26,22,24,25,22,26,10228,No Line,0.0,0.0,0,0.0,17,22
E2025-214,2026-01-15,2025-26,PBB,ASM,87,95,23,20,21,23,27,25,24,19,6697,No Line,0.0,0.0,0,0.0,19,23
E2025-215,2026-01-15,2025-26,DUB,VIR,72,80,23,14,16,19,23,18,19,20,5856,No Line,0.0,0.0,0,0.0,17,21
E2025-216,2026-01-15,2025-26,EA7,CZV,96,104,25,30,27,14,27,17,26,34,3900,No Line,0.0,0.0,0,0.0,22,22
E2025-217,2026-01-16,2025-26,FBB,VBC,82,79,28,17,21,16,20,14,24,21,11731,No Line,0.0,0.0,0,0.0,16,17
E2025-218,2026-01-16,2025-26,ASV,HTA,73,81,16,22,20,15,16,15,26,24,7322,No Line,0.0,0.0,0,0.0,17,18
E2025-220,2026-01-16,2025-26,RMB,BAR,80,61,21,22,20,17,14,17,16,14,12156,No Line,0.0,0.0,0,0.0,16,13
E2025-221,2026-01-20,2025-26,ASM,CZV,96,100,21,23,27,19,27,23,18,22,4066,No Line,0.0,0.0,0,0.0,19,22
E2025-222,2026-01-20,2025-26,BAR,DUB,91,89,18,31,30,12,22,19,26,22,5251,No Line,0.0,0.0,0,0.0,25,29
E2025-223,2026-01-20,2025-26,HTA,EFS,71,66,14,19,17,21,19,24,10,13,3128,No Line,0.0,0.0,0,0.0,16,20
E2025-224,2026-01-20,2025-26,OLY,MTA,100,93,27,31,18,24,24,10,28,31,12727,No Line,0.0,0.0,0,0.0,28,21
E2025-225,2026-01-20,2025-26,PAO,KBA,93,74,26,22,25,20,14,17,23,20,15603,No Line,0.0,0.0,0,0.0,21,17
E2025-226,2026-01-20,2025-26,BAY,PAR,63,67,7,25,18,13,18,16,16,17,10469,No Line,0.0,0.0,0,0.0,13,16
E2025-227,2026-01-20,2025-26,RMB,EA7,106,77,30,24,24,28,23,13,19,22,7513,No Line,0.0,0.0,0,0.0,17,15
E2025-228,2026-01-20,2025-26,VBC,PBB,98,84,27,23,20,28,16,26,11,31,11859,No Line,0.0,0.0,0,0.0,28,14
E2025-229,2026-01-20,2025-26,ASV,ZAL,77,96,18,23,14,22,23,22,30,21,4637,No Line,0.0,0.0,0,0.0,21,20
E2025-230,2026-01-21,2025-26,VIR,FBB,80,85,25,22,13,20,22,18,25,20,8012,No Line,0.0,0.0,0,0.0,35,28
E2025-231,2026-01-22,2025-26,EFS,OLY,68,74,13,18,20,17,25,23,10,16,9792,No Line,0.0,0.0,0,0.0,16,19
E2025-232,2026-01-22,2025-26,BAY,VBC,93,89,22,31,26,14,24,20,26,19,11051,No Line,0.0,0.0,0,0.0,19,20
E2025-233,2026-01-22,2025-26,MTA,PAO,75,71,20,22,17,16,21,18,21,11,10353,No Line,0.0,0.0,0,0.0,16,14
E2025-234,2026-01-22,2025-26,PBB,DUB,79,99,18,14,23,24,27,25,22,25,5852,No Line,0.0,0.0,0,0.0,19,21
E2025-235,2026-01-22,2025-26,RMB,ASM,90,78,23,31,17,19,13,18,22,25,10116,No Line,0.0,0.0,0,0.0,20,17
E2025-236,2026-01-22,2025-26,EA7,ZAL,82,86,22,22,23,15,19,26,17,24,4986,No Line,0.0,0.0,0,0.0,27,25
E2025-237,2026-01-23,2025-26,FBB,KBA,84,71,21,21,27,15,20,18,12,21,11370,No Line,0.0,0.0,0,0.0,21,14
E2025-238,2026-01-23,2025-26,ASV,BAR,91,98,26,23,21,21,22,25,27,24,5560,No Line,0.0,0.0,0,0.0,23,31
E2025-239,2026-01-23,2025-26,PAR,HTA,104,101,17,18,28,25,27,29,17,15,1093,No Line,0.0,0.0,0,0.0,19,24
E2025-240,2026-01-23,2025-26,VIR,CZV,93,102,26,26,16,25,31,26,25,20,8884,No Line,0.0,0.0,0,0.0,21,16
E2025-241,2026-01-27,2025-26,PBB,RMB,98,92,24,26,25,23,18,24,24,26,7871,No Line,0.0,0.0,0,0.0,21,21
E2025-242,2026-01-29,2025-26,FBB,EFS,79,62,25,14,22,18,8,17,14,23,11965,No Line,0.0,0.0,0,0.0,22,19
E2025-243,2026-01-29,2025-26,HTA,BAY,64,79,26,13,11,14,23,20,18,18,7000,No Line,0.0,0.0,0,0.0,13,16
E2025-244,2026-01-29,2025-26,OLY,BAR,87,75,27,19,13,28,13,24,27,11,12737,No Line,0.0,0.0,0,0.0,20,15
E2025-245,2026-01-29,2025-26,VBC,MTA,94,83,21,23,22,28,27,23,18,15,7994,No Line,0.0,0.0,0,0.0,19,14
E2025-246,2026-01-29,2025-26,EA7,PAR,85,79,25,27,17,16,22,21,14,22,3760,No Line,0.0,0.0,0,0.0,20,17
E2025-247,2026-01-30,2025-26,ASM,VIR,82,84,30,21,14,17,22,22,18,22,4566,No Line,0.0,0.0,0,0.0,17,19
E2025-248,2026-01-30,2025-26,KBA,ZAL,102,91,19,27,29,27,23,22,26,20,8415,No Line,0.0,0.0,0,0.0,19,30
E2025-249,2026-01-30,2025-26,CZV,DUB,95,92,34,10,24,27,14,27,20,31,16539,No Line,0.0,0.0,0,0.0,22,24
E2025-250,2026-01-30,2025-26,ASV,PAO,78,79,17,12,17,32,15,20,20,24,8789,No Line,0.0,0.0,0,0.0,20,26
E2025-251,2026-02-03,2025-26,EFS,VBC,107,90,33,24,27,23,14,32,18,26,3578,No Line,0.0,0.0,0,0.0,20,30
E2025-252,2026-02-03,2025-26,CZV,HTA,87,75,25,24,13,25,21,24,24,6,18536,No Line,0.0,0.0,0,0.0,22,16
E2025-253,2026-02-03,2025-26,DUB,OLY,108,98,26,26,22,21,17,23,30,25,6498,No Line,0.0,0.0,0,0.0,21,18
E2025-254,2026-02-03,2025-26,EA7,KBA,109,89,32,25,27,25,29,27,15,18,3339,No Line,0.0,0.0,0,0.0,21,21
E2025-255,2026-02-03,2025-26,BAR,FBB,78,82,14,27,15,22,29,24,20,9,6397,No Line,0.0,0.0,0,0.0,24,19
E2025-256,2026-02-03,2025-26,BAY,PBB,81,75,21,13,18,29,18,13,18,26,10596,No Line,0.0,0.0,0,0.0,26,17
E2025-257,2026-02-03,2025-26,MTA,PAR,95,93,27,21,24,23,22,28,27,16,9072,No Line,0.0,0.0,0,0.0,21,19
E2025-258,2026-02-03,2025-26,PAO,RMB,82,81,16,20,24,22,26,18,17,20,18999,No Line,0.0,0.0,0,0.0,22,18
E2025-259,2026-02-03,2025-26,ZAL,ASM,104,87,35,21,20,28,18,20,22,27,14582,No Line,0.0,0.0,0,0.0,26,19
E2025-260,2026-02-04,2025-26,VIR,ASV,70,80,17,16,21,16,21,22,12,25,6141,No Line,0.0,0.0,0,0.0,20,19
E2025-261,2026-02-05,2025-26,DUB,RMB,93,85,11,26,32,24,19,25,24,17,7648,No Line,0.0,0.0,0,0.0,20,24
E2025-262,2026-02-05,2025-26,BAY,ASM,91,82,24,24,20,23,23,16,24,19,10251,No Line,0.0,0.0,0,0.0,19,30
E2025-263,2026-02-05,2025-26,HTA,VBC,99,104,21,28,24,15,24,12,25,27,6500,No Line,0.0,0.0,0,0.0,23,29
E2025-264,2026-02-05,2025-26,PBB,FBB,90,92,23,22,23,22,21,19,22,30,7529,No Line,0.0,0.0,0,0.0,23,19
E2025-265,2026-02-05,2025-26,PAR,PAO,78,62,20,25,21,12,19,14,9,20,13716,No Line,0.0,0.0,0,0.0,18,21
E2025-266,2026-02-06,2025-26,EFS,ZAL,92,82,25,22,18,27,24,21,22,15,5119,No Line,0.0,0.0,0,0.0,19,22
E2025-267,2026-02-06,2025-26,KBA,BAR,91,97,27,24,17,23,17,31,28,21,10066,No Line,0.0,0.0,0,0.0,16,16
E2025-268,2026-02-06,2025-26,CZV,MTA,82,83,21,19,27,15,23,26,16,18,20127,No Line,0.0,0.0,0,0.0,22,22
E2025-269,2026-02-06,2025-26,ASV,EA7,76,77,22,15,16,23,20,22,25,10,8581,No Line,0.0,0.0,0,0.0,23,18
E2025-270,2026-02-06,2025-26,OLY,VIR,109,77,24,37,28,20,23,11,16,27,12716,No Line,0.0,0.0,0,0.0,20,16
E2025-271,2026-02-12,2025-26,EFS,VIR,91,60,22,21,21,27,19,16,10,15,5158,No Line,0.0,0.0,0,0.0,22,12
E2025-272,2026-02-12,2025-26,OLY,CZV,92,86,24,25,23,20,20,25,23,18,12633,No Line,0.0,0.0,0,0.0,23,21
E2025-273,2026-02-12,2025-26,MTA,BAY,111,106,26,25,23,25,20,25,33,21,10369,No Line,0.0,0.0,0,0.0,21,33
E2025-274,2026-02-12,2025-26,VBC,ASV,82,67,22,22,19,19,17,16,12,22,13210,No Line,0.0,0.0,0,0.0,14,20
E2025-275,2026-02-12,2025-26,BAR,PBB,74,85,18,25,12,19,21,18,28,18,4368,No Line,0.0,0.0,0,0.0,15,21
E2025-276,2026-02-13,2025-26,PAR,RMB,73,77,19,14,28,12,20,23,19,15,18254,No Line,0.0,0.0,0,0.0,14,14
E2025-277,2026-02-13,2025-26,ASM,KBA,102,92,29,17,28,28,24,26,23,19,4572,No Line,0.0,0.0,0,0.0,17,15
E2025-278,2026-02-13,2025-26,EA7,DUB,78,96,20,26,13,19,18,33,22,23,5362,No Line,0.0,0.0,0,0.0,19,22
E2025-279,2026-02-13,2025-26,PAO,FBB,83,85,19,23,20,21,25,16,15,29,19000,No Line,0.0,0.0,0,0.0,18,26
E2025-280,2026-02-13,2025-26,ZAL,HTA,93,82,24,20,19,30,20,23,19,20,14708,No Line,0.0,0.0,0,0.0,25,22
E2025-281,2026-02-25,2025-26,FBB,PAR,81,78,20,15,22,24,20,19,17,22,11883,No Line,0.0,0.0,0,0.0,29,18
E2025-282,2026-02-25,2025-26,VIR,BAR,85,80,20,27,21,17,28,15,14,23,8670,No Line,0.0,0.0,0,0.0,22,27
E2025-283,2026-02-25,2025-26,ZAL,OLY,99,94,18,19,14,22,18,21,21,13,14880,No Line,0.0,0.0,0,0.0,23,32
E2025-286,2026-02-25,2025-26,CZV,EFS,91,81,19,25,21,26,23,14,25,19,16797,No Line,0.0,0.0,0,0.0,21,21
E2025-284,2026-02-26,2025-26,ASM,MTA,86,91,17,23,23,23,30,19,19,23,4599,No Line,0.0,0.0,0,0.0,25,18
E2025-285,2026-02-26,2025-26,KBA,VBC,79,108,16,19,23,21,35,33,25,15,9115,No Line,0.0,0.0,0,0.0,16,20
E2025-287,2026-02-26,2025-26,DUB,ASV,96,85,24,23,28,21,17,19,22,27,4651,No Line,0.0,0.0,0,0.0,18,17
E2025-288,2026-02-26,2025-26,HTA,EA7,92,86,29,20,24,19,19,28,17,22,6250,No Line,0.0,0.0,0,0.0,25,22
E2025-289,2026-02-26,2025-26,PAO,PBB,99,104,29,16,25,29,29,29,22,24,18813,No Line,0.0,0.0,0,0.0,27,20
E2025-290,2026-02-26,2025-26,RMB,BAY,93,70,19,34,25,15,12,21,14,23,9728,No Line,0.0,0.0,0,0.0,16,17
E2025-291,2026-03-05,2025-26,EA7,BAR,87,84,24,22,32,9,17,17,17,33,5362,No Line,0.0,0.0,0,0.0,16,15
E2025-292,2026-03-05,2025-26,FBB,ASM,88,70,20,24,22,22,15,21,16,18,11578,No Line,0.0,0.0,0,0.0,28,14
E2025-295,2026-03-05,2025-26,RMB,VIR,92,84,22,24,18,28,23,17,21,23,8368,No Line,0.0,0.0,0,0.0,19,32
E2025-296,2026-03-05,2025-26,VBC,ZAL,91,87,25,25,21,20,13,26,25,23,11966,No Line,0.0,0.0,0,0.0,16,20
E2025-297,2026-03-06,2025-26,EFS,ASV,88,91,19,28,15,26,26,23,19,23,4338,No Line,0.0,0.0,0,0.0,20,26
E2025-298,2026-03-06,2025-26,KBA,PBB,81,97,20,17,23,21,24,34,26,13,8099,No Line,0.0,0.0,0,0.0,17,21
E2025-299,2026-03-06,2025-26,CZV,BAY,80,85,17,26,27,10,23,27,22,13,18088,No Line,0.0,0.0,0,0.0,22,16
E2025-300,2026-03-06,2025-26,OLY,PAO,86,80,20,20,18,28,13,16,27,24,12750,No Line,0.0,0.0,0,0.0,13,20
E2025-334,2026-03-10,2025-26,PBB,OLY,87,104,22,33,16,16,33,30,24,17,7595,No Line,0.0,0.0,0,0.0,18,24
E2025-304,2026-03-11,2025-26,VIR,PAR,82,88,25,23,15,19,29,23,13,23,6468,No Line,0.0,0.0,0,0.0,19,19
E2025-301,2026-03-12,2025-26,BAY,EFS,80,81,17,22,19,22,14,12,27,28,9873,No Line,0.0,0.0,0,0.0,15,20
E2025-302,2026-03-12,2025-26,PBB,ASV,90,81,17,14,29,30,23,17,13,28,7694,No Line,0.0,0.0,0,0.0,25,14
E2025-303,2026-03-12,2025-26,RMB,VBC,96,79,20,31,24,21,19,24,22,14,10837,No Line,0.0,0.0,0,0.0,16,18
E2025-305,2026-03-12,2025-26,PAO,ZAL,92,88,24,20,21,27,27,13,19,29,18913,No Line,0.0,0.0,0,0.0,24,23
E2025-306,2026-03-12,2025-26,ASM,OLY,81,80,22,21,19,19,14,23,26,17,4545,No Line,0.0,0.0,0,0.0,14,19
E2025-308,2026-03-12,2025-26,DUB,KBA,100,94,29,30,24,17,21,24,22,27,5250,No Line,0.0,0.0,0,0.0,23,27
E2025-307,2026-03-13,2025-26,CZV,FBB,79,73,17,16,28,18,20,22,14,17,20377,No Line,0.0,0.0,0,0.0,21,16
E2025-309,2026-03-13,2025-26,EA7,MTA,96,87,25,28,21,22,26,16,25,20,4230,No Line,0.0,0.0,0,0.0,19,16
E2025-310,2026-03-13,2025-26,BAR,HTA,75,80,26,14,21,14,19,27,20,14,0,No Line,0.0,0.0,0,0.0,17,22
E2025-134,2026-03-17,2025-26,OLY,FBB,104,87,23,25,26,30,29,17,21,20,12747,No Line,0.0,0.0,0,0.0,36,30
E2025-205,2026-03-17,2025-26,HTA,PBB,93,82,24,28,23,18,30,23,16,13,2164,No Line,0.0,0.0,0,0.0,24,16
E2025-294,2026-03-17,2025-26,PAR,DUB,88,74,18,20,25,25,26,21,10,17,10109,No Line,0.0,0.0,0,0.0,23,14
E2025-311,2026-03-19,2025-26,BAY,DUB,74,87,21,16,14,23,18,24,23,22,8726,No Line,0.0,0.0,0,0.0,12,21
E2025-312,2026-03-19,2025-26,HTA,VIR,109,91,34,31,21,23,19,21,22,29,2201,No Line,0.0,0.0,0,0.0,22,24
E2025-313,2026-03-19,2025-26,OLY,KBA,90,80,19,22,28,21,24,16,22,18,11397,No Line,0.0,0.0,0,0.0,20,18
E2025-314,2026-03-19,2025-26,PBB,PAR,81,90,20,23,14,24,17,29,20,24,7052,No Line,0.0,0.0,0,0.0,23,17
E2025-315,2026-03-19,2025-26,VBC,BAR,62,66,15,18,19,10,18,17,18,13,13558,No Line,0.0,0.0,0,0.0,12,14
E2025-316,2026-03-19,2025-26,EFS,ASM,93,98,21,32,20,20,23,22,21,32,3333,No Line,0.0,0.0,0,0.0,26,17
E2025-317,2026-03-20,2025-26,FBB,EA7,79,75,17,12,28,22,23,14,15,23,11314,No Line,0.0,0.0,0,0.0,23,22
E2025-318,2026-03-20,2025-26,ASV,MTA,85,89,22,30,10,23,23,15,23,28,4763,No Line,0.0,0.0,0,0.0,19,23
E2025-319,2026-03-20,2025-26,PAO,CZV,82,74,20,21,14,27,27,21,14,12,18302,No Line,0.0,0.0,0,0.0,20,15
E2025-320,2026-03-20,2025-26,ZAL,RMB,87,85,25,28,15,19,29,26,17,13,15316,No Line,0.0,0.0,0,0.0,20,18
E2025-321,2026-03-24,2025-26,ASM,EA7,90,85,13,32,18,27,25,23,25,12,4505,No Line,0.0,0.0,0,0.0,17,18
E2025-322,2026-03-24,2025-26,DUB,PAO,104,107,26,24,25,29,25,22,34,26,6103,No Line,0.0,0.0,0,0.0,31,23
E2025-323,2026-03-24,2025-26,BAR,EFS,78,71,19,23,15,21,15,15,24,17,4861,No Line,0.0,0.0,0,0.0,21,18
E2025-324,2026-03-24,2025-26,MTA,FBB,94,89,25,32,15,22,20,23,23,23,162,No Line,0.0,0.0,0,0.0,19,26
E2025-325,2026-03-24,2025-26,PAR,ASV,79,78,14,22,23,20,24,8,25,21,10124,No Line,0.0,0.0,0,0.0,16,19
E2025-326,2026-03-24,2025-26,RMB,HTA,92,83,24,21,26,21,19,16,25,23,0,No Line,0.0,0.0,0,0.0,15,15
E2025-327,2026-03-24,2025-26,VBC,OLY,85,84,25,17,25,18,23,27,19,15,13108,No Line,0.0,0.0,0,0.0,15,17
E2025-329,2026-03-24,2025-26,ZAL,BAY,78,71,18,16,29,15,18,20,19,14,14777,No Line,0.0,0.0,0,0.0,21,12
E2025-330,2026-03-25,2025-26,KBA,CZV,100,108,27,25,15,24,28,14,24,25,7375,No Line,0.0,0.0,0,0.0,31,22
E2025-331,2026-03-26,2025-26,EA7,VIR,103,87,32,25,22,24,19,30,17,21,8564,No Line,0.0,0.0,0,0.0,19,15
E2025-332,2026-03-26,2025-26,BAY,ASV,93,83,19,20,25,29,18,24,21,20,8896,No Line,0.0,0.0,0,0.0,19,16
E2025-333,2026-03-26,2025-26,MTA,DUB,104,100,18,23,22,25,17,28,25,18,129,No Line,0.0,0.0,0,0.0,23,26
E2025-335,2026-03-26,2025-26,RMB,EFS,82,71,11,31,18,22,21,12,20,18,9805,No Line,0.0,0.0,0,0.0,14,21
E2025-336,2026-03-27,2025-26,KBA,HTA,118,109,28,39,25,26,31,33,17,28,0,No Line,0.0,0.0,0,0.0,22,26
E2025-337,2026-03-27,2025-26,BAR,CZV,92,88,18,24,22,11,20,20,18,17,4889,No Line,0.0,0.0,0,0.0,18,26
E2025-338,2026-03-27,2025-26,FBB,ZAL,82,92,25,19,18,20,22,27,17,26,11913,No Line,0.0,0.0,0,0.0,19,18
E2025-339,2026-03-27,2025-26,PAO,ASM,107,97,15,37,26,29,16,19,27,35,18913,No Line,0.0,0.0,0,0.0,25,24
E2025-340,2026-03-27,2025-26,PAR,VBC,110,104,17,24,18,25,27,14,25,18,13125,No Line,0.0,0.0,0,0.0,31,18
E2025-328,2026-03-31,2025-26,VIR,PBB,82,103,20,27,16,19,19,34,23,27,5133,No Line,0.0,0.0,0,0.0,16,20
E2025-348,2026-04-01,2025-26,BAY,FBB,85,76,25,18,24,18,12,18,30,16,11500,No Line,0.0,0.0,0,0.0,22,21
E2025-341,2026-04-02,2025-26,MTA,EFS,103,89,24,25,29,25,25,19,20,25,80,No Line,0.0,0.0,0,0.0,25,17
E2025-342,2026-04-02,2025-26,CZV,PAR,82,89,20,18,17,27,21,17,20,31,20120,No Line,0.0,0.0,0,0.0,24,26
E2025-343,2026-04-02,2025-26,HTA,PAO,92,88,20,24,22,26,21,27,27,13,6423,No Line,0.0,0.0,0,0.0,19,17
E2025-344,2026-04-02,2025-26,PBB,EA7,103,93,30,34,23,16,19,22,35,17,7855,No Line,0.0,0.0,0,0.0,25,20
E2025-345,2026-04-02,2025-26,ZAL,BAR,83,71,22,17,20,24,21,19,16,15,15278,No Line,0.0,0.0,0,0.0,18,16
E2025-347,2026-04-02,2025-26,DUB,ASM,101,91,24,23,26,28,18,29,24,20,5916,No Line,0.0,0.0,0,0.0,25,17
E2025-346,2026-04-03,2025-26,KBA,RMB,98,96,29,19,25,25,27,26,23,20,11239,No Line,0.0,0.0,0,0.0,26,21
E2025-349,2026-04-03,2025-26,ASV,OLY,74,82,24,15,19,16,25,22,14,21,8783,No Line,0.0,0.0,0,0.0,17,23
E2025-350,2026-04-03,2025-26,VIR,VBC,81,94,20,23,20,18,22,22,27,23,6748,No Line,0.0,0.0,0,0.0,26,33
E2025-351,2026-04-07,2025-26,KBA,MTA,101,98,28,16,40,17,36,17,19,26,0,No Line,0.0,0.0,0,0.0,21,26
E2025-352,2026-04-07,2025-26,CZV,PBB,94,81,34,23,23,14,28,26,15,12,16246,No Line,0.0,0.0,0,0.0,21,20
E2025-353,2026-04-07,2025-26,BAR,PAO,79,93,23,15,11,30,27,28,25,13,5461,No Line,0.0,0.0,0,0.0,18,21
E2025-354,2026-04-07,2025-26,HTA,FBB,95,80,25,26,24,20,17,21,18,24,2312,No Line,0.0,0.0,0,0.0,23,22
E2025-355,2026-04-07,2025-26,OLY,RMB,102,88,31,18,23,30,19,23,15,31,12750,No Line,0.0,0.0,0,0.0,37,22
E2025-356,2026-04-07,2025-26,VBC,EA7,102,96,27,24,27,24,24,30,29,13,12297,No Line,0.0,0.0,0,0.0,25,20
E2025-357,2026-04-07,2025-26,VIR,BAY,80,85,16,27,15,22,23,20,23,19,5637,No Line,0.0,0.0,0,0.0,28,24
E2025-358,2026-04-07,2025-26,ZAL,DUB,65,77,19,15,19,12,14,10,15,38,15080,No Line,0.0,0.0,0,0.0,15,15
E2025-359,2026-04-08,2025-26,EFS,PAR,79,72,15,9,19,22,13,23,14,15,4406,No Line,0.0,0.0,0,0.0,24,12
E2025-360,2026-04-08,2025-26,ASM,ASV,81,76,22,24,18,17,21,15,18,22,4548,No Line,0.0,0.0,0,0.0,22,26
